Reduction Ratio,dA,dB,dC,Normalizing temp,Quenching temp,Tempering temp,0.2% proof stress,Tensile strength,Elongation,Reduction of area,Vickers hardness,Type of test,σa,group,runout,log10_Nf,mat_S25C,mat_S35C,mat_S40C,mat_S45C,mat_S55C,Normalizing temp missing,Quenching temp missing
610,0.11,0.0,0.04,885.0,845.0,600.0,290,477,0.36,0.63,144,0,320,11,0,4.870988813760575,1,0,0,0,0,0,1
610,0.11,0.0,0.04,885.0,845.0,600.0,290,477,0.36,0.63,144,0,310,11,0,4.845718017966659,1,0,0,0,0,0,1
610,0.11,0.0,0.04,885.0,845.0,600.0,290,477,0.36,0.63,144,0,310,11,0,4.866877814337498,1,0,0,0,0,0,1
610,0.11,0.0,0.04,885.0,845.0,600.0,290,477,0.36,0.63,144,0,300,11,0,4.9656719712201065,1,0,0,0,0,0,1
610,0.11,0.0,0.04,885.0,845.0,600.0,290,477,0.36,0.63,144,0,300,11,0,5.2878017299302265,1,0,0,0,0,0,1
610,0.11,0.0,0.04,885.0,845.0,600.0,290,477,0.36,0.63,144,0,290,11,0,5.264817823009537,1,0,0,0,0,0,1
610,0.11,0.0,0.04,885.0,845.0,600.0,290,477,0.36,0.63,144,0,290,11,0,5.540329474790874,1,0,0,0,0,0,1
610,0.11,0.0,0.04,885.0,845.0,600.0,290,477,0.36,0.63,144,0,280,11,0,5.4623979978989565,1,0,0,0,0,0,1
610,0.11,0.0,0.04,885.0,845.0,600.0,290,477,0.36,0.63,144,0,280,11,0,5.465382851448418,1,0,0,0,0,0,1
610,0.11,0.0,0.04,885.0,845.0,600.0,290,477,0.36,0.63,144,0,270,11,0,5.7435097647284294,1,0,0,0,0,0,1
610,0.11,0.0,0.04,885.0,845.0,600.0,290,477,0.36,0.63,144,0,270,11,0,5.899273187317604,1,0,0,0,0,0,1
610,0.11,0.0,0.04,885.0,845.0,600.0,290,477,0.36,0.63,144,0,260,11,0,5.991226075692495,1,0,0,0,0,0,1
610,0.11,0.0,0.04,885.0,845.0,600.0,290,477,0.36,0.63,144,0,260,11,0,6.2878017299302265,1,0,0,0,0,0,1
610,0.11,0.0,0.04,885.0,845.0,600.0,290,477,0.36,0.63,144,0,250,11,0,6.243038048686294,1,0,0,0,0,0,1
610,0.11,0.0,0.04,885.0,845.0,600.0,290,477,0.36,0.63,144,0,250,11,0,6.252853030979893,1,0,0,0,0,0,1
610,0.11,0.0,0.04,885.0,845.0,600.0,290,477,0.36,0.63,144,0,250,11,0,6.556302500767287,1,0,0,0,0,0,1
610,0.11,0.0,0.04,885.0,845.0,600.0,290,477,0.36,0.63,144,0,240,11,0,6.451786435524291,1,0,0,0,0,0,1
610,0.11,0.0,0.04,885.0,845.0,600.0,290,477,0.36,0.63,144,0,240,11,0,6.8055008581584,1,0,0,0,0,0,1
610,0.11,0.0,0.04,885.0,845.0,600.0,290,477,0.36,0.63,144,0,240,11,0,6.974971994298069,1,0,0,0,0,0,1
610,0.11,0.0,0.04,885.0,845.0,600.0,290,477,0.36,0.63,144,0,230,11,1,7.326335860928752,1,0,0,0,0,0,1
610,0.11,0.0,0.04,885.0,845.0,600.0,290,477,0.36,0.63,144,0,230,11,1,7.326335860928752,1,0,0,0,0,0,1
610,0.11,0.0,0.04,885.0,845.0,600.0,290,477,0.36,0.63,144,0,230,11,1,7.326335860928752,1,0,0,0,0,0,1
1270,0.07,0.02,0.0,885.0,845.0,600.0,329,474,0.4,0.64,135,0,280,29,0,4.998695158311656,1,0,0,0,0,0,1
1270,0.07,0.02,0.0,885.0,845.0,600.0,329,474,0.4,0.64,135,0,280,29,0,5.075546961392531,1,0,0,0,0,0,1
1270,0.07,0.02,0.0,885.0,845.0,600.0,329,474,0.4,0.64,135,0,270,29,0,5.290034611362518,1,0,0,0,0,0,1
1270,0.07,0.02,0.0,885.0,845.0,600.0,329,474,0.4,0.64,135,0,270,29,0,5.361727836017593,1,0,0,0,0,0,1
1270,0.07,0.02,0.0,885.0,845.0,600.0,329,474,0.4,0.64,135,0,260,29,0,5.484299839346786,1,0,0,0,0,0,1
1270,0.07,0.02,0.0,885.0,845.0,600.0,329,474,0.4,0.64,135,0,260,29,0,5.574031267727719,1,0,0,0,0,0,1
1270,0.07,0.02,0.0,885.0,845.0,600.0,329,474,0.4,0.64,135,0,260,29,0,5.661812685537261,1,0,0,0,0,0,1
1270,0.07,0.02,0.0,885.0,845.0,600.0,329,474,0.4,0.64,135,0,250,29,0,5.748188027006201,1,0,0,0,0,0,1
1270,0.07,0.02,0.0,885.0,845.0,600.0,329,474,0.4,0.64,135,0,250,29,0,5.879095879500073,1,0,0,0,0,0,1
1270,0.07,0.02,0.0,885.0,845.0,600.0,329,474,0.4,0.64,135,0,250,29,0,6.146128035678238,1,0,0,0,0,0,1
1270,0.07,0.02,0.0,885.0,845.0,600.0,329,474,0.4,0.64,135,0,240,29,0,6.344392273685111,1,0,0,0,0,0,1
1270,0.07,0.02,0.0,885.0,845.0,600.0,329,474,0.4,0.64,135,0,240,29,0,6.559906625036112,1,0,0,0,0,0,1
1270,0.07,0.02,0.0,885.0,845.0,600.0,329,474,0.4,0.64,135,0,240,29,0,6.657055852857104,1,0,0,0,0,0,1
1270,0.07,0.02,0.0,885.0,845.0,600.0,329,474,0.4,0.64,135,0,230,29,1,7.326335860928752,1,0,0,0,0,0,1
1270,0.07,0.02,0.0,885.0,845.0,600.0,329,474,0.4,0.64,135,0,230,29,1,7.326335860928752,1,0,0,0,0,0,1
1270,0.07,0.02,0.0,885.0,845.0,600.0,329,474,0.4,0.64,135,0,230,29,1,7.326335860928752,1,0,0,0,0,0,1
1740,0.06,0.0,0.0,885.0,845.0,600.0,353,506,0.37,0.63,146,0,300,41,0,4.676693609624866,1,0,0,0,0,0,1
1740,0.06,0.0,0.0,885.0,845.0,600.0,353,506,0.37,0.63,146,0,290,41,0,5.045322978786658,1,0,0,0,0,0,1
1740,0.06,0.0,0.0,885.0,845.0,600.0,353,506,0.37,0.63,146,0,290,41,0,5.079181246047625,1,0,0,0,0,0,1
1740,0.06,0.0,0.0,885.0,845.0,600.0,353,506,0.37,0.63,146,0,280,41,0,5.315970345456917,1,0,0,0,0,0,1
1740,0.06,0.0,0.0,885.0,845.0,600.0,353,506,0.37,0.63,146,0,280,41,0,5.344392273685111,1,0,0,0,0,0,1
1740,0.06,0.0,0.0,885.0,845.0,600.0,353,506,0.37,0.63,146,0,270,41,0,5.525044807036846,1,0,0,0,0,0,1
1740,0.06,0.0,0.0,885.0,845.0,600.0,353,506,0.37,0.63,146,0,270,41,0,5.683947130751513,1,0,0,0,0,0,1
1740,0.06,0.0,0.0,885.0,845.0,600.0,353,506,0.37,0.63,146,0,260,41,0,5.800717078282385,1,0,0,0,0,0,1
1740,0.06,0.0,0.0,885.0,845.0,600.0,353,506,0.37,0.63,146,0,260,41,0,5.831229693867063,1,0,0,0,0,0,1
1740,0.06,0.0,0.0,885.0,845.0,600.0,353,506,0.37,0.63,146,0,260,41,0,5.923244018630276,1,0,0,0,0,0,1
1740,0.06,0.0,0.0,885.0,845.0,600.0,353,506,0.37,0.63,146,0,250,41,0,6.195899652409234,1,0,0,0,0,0,1
1740,0.06,0.0,0.0,885.0,845.0,600.0,353,506,0.37,0.63,146,0,250,41,0,6.209515014542631,1,0,0,0,0,0,1
1740,0.06,0.0,0.0,885.0,845.0,600.0,353,506,0.37,0.63,146,0,250,41,0,6.2552725051033065,1,0,0,0,0,0,1
1740,0.06,0.0,0.0,885.0,845.0,600.0,353,506,0.37,0.63,146,0,240,41,0,6.712649701627211,1,0,0,0,0,0,1
1740,0.06,0.0,0.0,885.0,845.0,600.0,353,506,0.37,0.63,146,0,240,41,1,7.326335860928752,1,0,0,0,0,0,1
1740,0.06,0.0,0.0,885.0,845.0,600.0,353,506,0.37,0.63,146,0,240,41,1,7.326335860928752,1,0,0,0,0,0,1
1740,0.06,0.0,0.0,885.0,845.0,600.0,353,506,0.37,0.63,146,0,230,41,1,7.326335860928752,1,0,0,0,0,0,1
1740,0.06,0.0,0.0,885.0,845.0,600.0,353,506,0.37,0.63,146,0,230,41,1,7.326335860928752,1,0,0,0,0,0,1
1740,0.06,0.0,0.0,885.0,845.0,600.0,353,506,0.37,0.63,146,0,230,41,1,7.326335860928752,1,0,0,0,0,0,1
825,0.06,0.02,0.02,885.0,845.0,600.0,332,487,0.37,0.63,146,0,300,17,0,4.737987326333431,1,0,0,0,0,0,1
825,0.06,0.02,0.02,885.0,845.0,600.0,332,487,0.37,0.63,146,0,300,17,0,4.843855422623161,1,0,0,0,0,0,1
825,0.06,0.02,0.02,885.0,845.0,600.0,332,487,0.37,0.63,146,0,290,17,0,5.060697840353612,1,0,0,0,0,0,1
825,0.06,0.02,0.02,885.0,845.0,600.0,332,487,0.37,0.63,146,0,290,17,0,5.107209969647869,1,0,0,0,0,0,1
825,0.06,0.02,0.02,885.0,845.0,600.0,332,487,0.37,0.63,146,0,280,17,0,5.342422680822207,1,0,0,0,0,0,1
825,0.06,0.02,0.02,885.0,845.0,600.0,332,487,0.37,0.63,146,0,280,17,0,5.352182518111363,1,0,0,0,0,0,1
825,0.06,0.02,0.02,885.0,845.0,600.0,332,487,0.37,0.63,146,0,270,17,0,5.607455023214668,1,0,0,0,0,0,1
825,0.06,0.02,0.02,885.0,845.0,600.0,332,487,0.37,0.63,146,0,270,17,0,5.60959440922522,1,0,0,0,0,0,1
825,0.06,0.02,0.02,885.0,845.0,600.0,332,487,0.37,0.63,146,0,260,17,0,5.9324737646771535,1,0,0,0,0,0,1
825,0.06,0.02,0.02,885.0,845.0,600.0,332,487,0.37,0.63,146,0,260,17,0,5.9745116927373285,1,0,0,0,0,0,1
825,0.06,0.02,0.02,885.0,845.0,600.0,332,487,0.37,0.63,146,0,250,17,0,6.209515014542631,1,0,0,0,0,0,1
825,0.06,0.02,0.02,885.0,845.0,600.0,332,487,0.37,0.63,146,0,250,17,0,6.26245108973043,1,0,0,0,0,0,1
825,0.06,0.02,0.02,885.0,845.0,600.0,332,487,0.37,0.63,146,0,250,17,0,6.344392273685111,1,0,0,0,0,0,1
825,0.06,0.02,0.02,885.0,845.0,600.0,332,487,0.37,0.63,146,0,240,17,1,7.214843848047698,1,0,0,0,0,0,1
825,0.06,0.02,0.02,885.0,845.0,600.0,332,487,0.37,0.63,146,0,240,17,1,7.326335860928752,1,0,0,0,0,0,1
825,0.06,0.02,0.02,885.0,845.0,600.0,332,487,0.37,0.63,146,0,240,17,1,7.326335860928752,1,0,0,0,0,0,1
825,0.06,0.02,0.02,885.0,845.0,600.0,332,487,0.37,0.63,146,0,230,17,1,7.326335860928752,1,0,0,0,0,0,1
825,0.06,0.02,0.02,885.0,845.0,600.0,332,487,0.37,0.63,146,0,230,17,1,7.326335860928752,1,0,0,0,0,0,1
825,0.06,0.02,0.02,885.0,845.0,600.0,332,487,0.37,0.63,146,0,230,17,1,7.326335860928752,1,0,0,0,0,0,1
1270,0.08,0.01,0.0,885.0,845.0,600.0,358,519,0.37,0.62,147,0,310,30,0,4.789580712164425,1,0,0,0,0,0,1
1270,0.08,0.01,0.0,885.0,845.0,600.0,358,519,0.37,0.62,147,0,310,30,0,4.8208579894397,1,0,0,0,0,0,1
1270,0.08,0.01,0.0,885.0,845.0,600.0,358,519,0.37,0.62,147,0,300,30,0,5.093421685162235,1,0,0,0,0,0,1
1270,0.08,0.01,0.0,885.0,845.0,600.0,358,519,0.37,0.62,147,0,300,30,0,5.1003705451175625,1,0,0,0,0,0,1
1270,0.08,0.01,0.0,885.0,845.0,600.0,358,519,0.37,0.62,147,0,290,30,0,5.184691430817598,1,0,0,0,0,0,1
1270,0.08,0.01,0.0,885.0,845.0,600.0,358,519,0.37,0.62,147,0,290,30,0,5.315970345456917,1,0,0,0,0,0,1
1270,0.08,0.01,0.0,885.0,845.0,600.0,358,519,0.37,0.62,147,0,280,30,0,5.4031205211758175,1,0,0,0,0,0,1
1270,0.08,0.01,0.0,885.0,845.0,600.0,358,519,0.37,0.62,147,0,280,30,0,5.713490543093942,1,0,0,0,0,0,1
1270,0.08,0.01,0.0,885.0,845.0,600.0,358,519,0.37,0.62,147,0,270,30,0,5.832508912706237,1,0,0,0,0,0,1
1270,0.08,0.01,0.0,885.0,845.0,600.0,358,519,0.37,0.62,147,0,270,30,0,5.947923619831727,1,0,0,0,0,0,1
1270,0.08,0.01,0.0,885.0,845.0,600.0,358,519,0.37,0.62,147,0,270,30,0,5.9614210940664485,1,0,0,0,0,0,1
1270,0.08,0.01,0.0,885.0,845.0,600.0,358,519,0.37,0.62,147,0,260,30,0,6.3979400086720375,1,0,0,0,0,0,1
1270,0.08,0.01,0.0,885.0,845.0,600.0,358,519,0.37,0.62,147,0,260,30,0,6.6512780139981444,1,0,0,0,0,0,1
1270,0.08,0.01,0.0,885.0,845.0,600.0,358,519,0.37,0.62,147,0,260,30,1,7.326335860928752,1,0,0,0,0,0,1
1270,0.08,0.01,0.0,885.0,845.0,600.0,358,519,0.37,0.62,147,0,250,30,0,6.694605198933568,1,0,0,0,0,0,1
1270,0.08,0.01,0.0,885.0,845.0,600.0,358,519,0.37,0.62,147,0,250,30,1,7.326335860928752,1,0,0,0,0,0,1
1270,0.08,0.01,0.0,885.0,845.0,600.0,358,519,0.37,0.62,147,0,250,30,1,7.326335860928752,1,0,0,0,0,0,1
1270,0.08,0.01,0.0,885.0,845.0,600.0,358,519,0.37,0.62,147,0,240,30,1,7.326335860928752,1,0,0,0,0,0,1
1270,0.08,0.01,0.0,885.0,845.0,600.0,358,519,0.37,0.62,147,0,240,30,1,7.326335860928752,1,0,0,0,0,0,1
1270,0.08,0.01,0.0,885.0,845.0,600.0,358,519,0.37,0.62,147,0,240,30,1,7.326335860928752,1,0,0,0,0,0,1
610,0.08,0.0,0.04,885.0,845.0,600.0,342,511,0.34,0.6,155,0,340,9,0,4.985426474083002,1,0,0,0,0,0,1
610,0.08,0.0,0.04,885.0,845.0,600.0,342,511,0.34,0.6,155,0,340,9,0,4.990782691803138,1,0,0,0,0,0,1
610,0.08,0.0,0.04,885.0,845.0,600.0,342,511,0.34,0.6,155,0,330,9,0,4.985426474083002,1,0,0,0,0,0,1
610,0.08,0.0,0.04,885.0,845.0,600.0,342,511,0.34,0.6,155,0,330,9,0,5.20682587603185,1,0,0,0,0,0,1
610,0.08,0.0,0.04,885.0,845.0,600.0,342,511,0.34,0.6,155,0,320,9,0,5.136720567156407,1,0,0,0,0,0,1
610,0.08,0.0,0.04,885.0,845.0,600.0,342,511,0.34,0.6,155,0,320,9,0,5.468347330412158,1,0,0,0,0,0,1
610,0.08,0.0,0.04,885.0,845.0,600.0,342,511,0.34,0.6,155,0,310,9,0,5.60959440922522,1,0,0,0,0,0,1
610,0.08,0.0,0.04,885.0,845.0,600.0,342,511,0.34,0.6,155,0,310,9,0,5.720985744153739,1,0,0,0,0,0,1
610,0.08,0.0,0.04,885.0,845.0,600.0,342,511,0.34,0.6,155,0,300,9,0,5.701567985055927,1,0,0,0,0,0,1
610,0.08,0.0,0.04,885.0,845.0,600.0,342,511,0.34,0.6,155,0,300,9,0,6.143014800254095,1,0,0,0,0,0,1
610,0.08,0.0,0.04,885.0,845.0,600.0,342,511,0.34,0.6,155,0,290,9,0,6.181843587944773,1,0,0,0,0,0,1
610,0.08,0.0,0.04,885.0,845.0,600.0,342,511,0.34,0.6,155,0,290,9,0,6.214843848047698,1,0,0,0,0,0,1
610,0.08,0.0,0.04,885.0,845.0,600.0,342,511,0.34,0.6,155,0,290,9,0,6.445604203273597,1,0,0,0,0,0,1
610,0.08,0.0,0.04,885.0,845.0,600.0,342,511,0.34,0.6,155,0,280,9,0,6.453318340047038,1,0,0,0,0,0,1
610,0.08,0.0,0.04,885.0,845.0,600.0,342,511,0.34,0.6,155,0,280,9,1,7.326335860928752,1,0,0,0,0,0,1
610,0.08,0.0,0.04,885.0,845.0,600.0,342,511,0.34,0.6,155,0,280,9,1,7.326335860928752,1,0,0,0,0,0,1
610,0.08,0.0,0.04,885.0,845.0,600.0,342,511,0.34,0.6,155,0,270,9,0,6.589949601325708,1,0,0,0,0,0,1
610,0.08,0.0,0.04,885.0,845.0,600.0,342,511,0.34,0.6,155,0,270,9,0,6.852479993636856,1,0,0,0,0,0,1
610,0.08,0.0,0.04,885.0,845.0,600.0,342,511,0.34,0.6,155,0,270,9,1,7.326335860928752,1,0,0,0,0,0,1
610,0.08,0.0,0.04,885.0,845.0,600.0,342,511,0.34,0.6,155,0,260,9,1,7.326335860928752,1,0,0,0,0,0,1
610,0.08,0.0,0.04,885.0,845.0,600.0,342,511,0.34,0.6,155,0,260,9,1,7.326335860928752,1,0,0,0,0,0,1
610,0.08,0.0,0.04,885.0,845.0,600.0,342,511,0.34,0.6,155,0,260,9,1,7.326335860928752,1,0,0,0,0,0,1
1270,0.04,0.03,0.0,885.0,845.0,600.0,299,455,0.4,0.67,132,0,290,25,0,4.912222056532415,1,0,0,0,0,0,1
1270,0.04,0.03,0.0,885.0,845.0,600.0,299,455,0.4,0.67,132,0,290,25,0,4.949877704036875,1,0,0,0,0,0,1
1270,0.04,0.03,0.0,885.0,845.0,600.0,299,455,0.4,0.67,132,0,280,25,0,5.227886704613674,1,0,0,0,0,0,1
1270,0.04,0.03,0.0,885.0,845.0,600.0,299,455,0.4,0.67,132,0,280,25,0,5.247973266361806,1,0,0,0,0,0,1
1270,0.04,0.03,0.0,885.0,845.0,600.0,299,455,0.4,0.67,132,0,270,25,0,5.278753600952829,1,0,0,0,0,0,1
1270,0.04,0.03,0.0,885.0,845.0,600.0,299,455,0.4,0.67,132,0,270,25,0,5.511883360978874,1,0,0,0,0,0,1
1270,0.04,0.03,0.0,885.0,845.0,600.0,299,455,0.4,0.67,132,0,260,25,0,5.72916478969277,1,0,0,0,0,0,1
1270,0.04,0.03,0.0,885.0,845.0,600.0,299,455,0.4,0.67,132,0,260,25,0,5.850033257689769,1,0,0,0,0,0,1
1270,0.04,0.03,0.0,885.0,845.0,600.0,299,455,0.4,0.67,132,0,250,25,0,6.110589710299249,1,0,0,0,0,0,1
1270,0.04,0.03,0.0,885.0,845.0,600.0,299,455,0.4,0.67,132,0,250,25,0,6.164352855784437,1,0,0,0,0,0,1
1270,0.04,0.03,0.0,885.0,845.0,600.0,299,455,0.4,0.67,132,0,250,25,0,6.184691430817598,1,0,0,0,0,0,1
1270,0.04,0.03,0.0,885.0,845.0,600.0,299,455,0.4,0.67,132,0,240,25,0,6.640481436970422,1,0,0,0,0,0,1
1270,0.04,0.03,0.0,885.0,845.0,600.0,299,455,0.4,0.67,132,0,240,25,0,6.904174368284163,1,0,0,0,0,0,1
1270,0.04,0.03,0.0,885.0,845.0,600.0,299,455,0.4,0.67,132,0,240,25,1,7.326335860928752,1,0,0,0,0,0,1
1270,0.04,0.03,0.0,885.0,845.0,600.0,299,455,0.4,0.67,132,0,230,25,1,7.326335860928752,1,0,0,0,0,0,1
1270,0.04,0.03,0.0,885.0,845.0,600.0,299,455,0.4,0.67,132,0,230,25,1,7.326335860928752,1,0,0,0,0,0,1
1270,0.04,0.03,0.0,885.0,845.0,600.0,299,455,0.4,0.67,132,0,230,25,1,7.326335860928752,1,0,0,0,0,0,1
1740,0.11,0.0,0.0,885.0,845.0,600.0,340,501,0.37,0.63,140,0,310,49,0,4.770115294787102,1,0,0,0,0,0,1
1740,0.11,0.0,0.0,885.0,845.0,600.0,340,501,0.37,0.63,140,0,310,49,0,4.850033257689769,1,0,0,0,0,0,1
1740,0.11,0.0,0.0,885.0,845.0,600.0,340,501,0.37,0.63,140,0,300,49,0,5.02530586526477,1,0,0,0,0,0,1
1740,0.11,0.0,0.0,885.0,845.0,600.0,340,501,0.37,0.63,140,0,300,49,0,5.17897694729317,1,0,0,0,0,0,1
1740,0.11,0.0,0.0,885.0,845.0,600.0,340,501,0.37,0.63,140,0,290,49,0,5.4623979978989565,1,0,0,0,0,0,1
1740,0.11,0.0,0.0,885.0,845.0,600.0,340,501,0.37,0.63,140,0,290,49,0,5.607455023214668,1,0,0,0,0,0,1
1740,0.11,0.0,0.0,885.0,845.0,600.0,340,501,0.37,0.63,140,0,280,49,0,5.632457292184724,1,0,0,0,0,0,1
1740,0.11,0.0,0.0,885.0,845.0,600.0,340,501,0.37,0.63,140,0,280,49,0,5.873901597864461,1,0,0,0,0,0,1
1740,0.11,0.0,0.0,885.0,845.0,600.0,340,501,0.37,0.63,140,0,270,49,0,6.004321373782642,1,0,0,0,0,0,1
1740,0.11,0.0,0.0,885.0,845.0,600.0,340,501,0.37,0.63,140,0,270,49,0,6.1702617153949575,1,0,0,0,0,0,1
1740,0.11,0.0,0.0,885.0,845.0,600.0,340,501,0.37,0.63,140,0,270,49,0,6.190331698170292,1,0,0,0,0,0,1
1740,0.11,0.0,0.0,885.0,845.0,600.0,340,501,0.37,0.63,140,0,260,49,0,6.307496037913213,1,0,0,0,0,0,1
1740,0.11,0.0,0.0,885.0,845.0,600.0,340,501,0.37,0.63,140,0,260,49,0,6.426511261364575,1,0,0,0,0,0,1
1740,0.11,0.0,0.0,885.0,845.0,600.0,340,501,0.37,0.63,140,0,260,49,0,6.732393759822968,1,0,0,0,0,0,1
1740,0.11,0.0,0.0,885.0,845.0,600.0,340,501,0.37,0.63,140,0,250,49,1,7.326335860928752,1,0,0,0,0,0,1
1740,0.11,0.0,0.0,885.0,845.0,600.0,340,501,0.37,0.63,140,0,250,49,1,7.326335860928752,1,0,0,0,0,0,1
1740,0.11,0.0,0.0,885.0,845.0,600.0,340,501,0.37,0.63,140,0,250,49,1,7.326335860928752,1,0,0,0,0,0,1
610,0.11,0.0,0.04,885.0,845.0,600.0,290,477,0.36,0.63,144,1,280,11,0,4.348304863048161,1,0,0,0,0,0,1
610,0.11,0.0,0.04,885.0,845.0,600.0,290,477,0.36,0.63,144,1,280,11,0,4.480006942957151,1,0,0,0,0,0,1
610,0.11,0.0,0.04,885.0,845.0,600.0,290,477,0.36,0.63,144,1,260,11,0,4.608526033577194,1,0,0,0,0,0,1
610,0.11,0.0,0.04,885.0,845.0,600.0,290,477,0.36,0.63,144,1,260,11,0,5.064457989226918,1,0,0,0,0,0,1
610,0.11,0.0,0.04,885.0,845.0,600.0,290,477,0.36,0.63,144,1,250,11,0,4.663700925389648,1,0,0,0,0,0,1
610,0.11,0.0,0.04,885.0,845.0,600.0,290,477,0.36,0.63,144,1,250,11,0,4.9324737646771535,1,0,0,0,0,0,1
610,0.11,0.0,0.04,885.0,845.0,600.0,290,477,0.36,0.63,144,1,240,11,0,5.107209969647869,1,0,0,0,0,0,1
610,0.11,0.0,0.04,885.0,845.0,600.0,290,477,0.36,0.63,144,1,240,11,0,5.372912002970106,1,0,0,0,0,0,1
610,0.11,0.0,0.04,885.0,845.0,600.0,290,477,0.36,0.63,144,1,230,11,0,5.799340549453582,1,0,0,0,0,0,1
610,0.11,0.0,0.04,885.0,845.0,600.0,290,477,0.36,0.63,144,1,230,11,0,6.408239965311849,1,0,0,0,0,0,1
610,0.11,0.0,0.04,885.0,845.0,600.0,290,477,0.36,0.63,144,1,230,11,0,6.630427875025024,1,0,0,0,0,0,1
610,0.11,0.0,0.04,885.0,845.0,600.0,290,477,0.36,0.63,144,1,220,11,0,6.496929648073215,1,0,0,0,0,0,1
610,0.11,0.0,0.04,885.0,845.0,600.0,290,477,0.36,0.63,144,1,220,11,1,7.0,1,0,0,0,0,0,1
610,0.11,0.0,0.04,885.0,845.0,600.0,290,477,0.36,0.63,144,1,220,11,1,7.0,1,0,0,0,0,0,1
610,0.11,0.0,0.04,885.0,845.0,600.0,290,477,0.36,0.63,144,1,210,11,1,7.0,1,0,0,0,0,0,1
610,0.11,0.0,0.04,885.0,845.0,600.0,290,477,0.36,0.63,144,1,210,11,1,7.0,1,0,0,0,0,0,1
610,0.11,0.0,0.04,885.0,845.0,600.0,290,477,0.36,0.63,144,1,210,11,1,7.0,1,0,0,0,0,0,1
1270,0.07,0.02,0.0,885.0,845.0,600.0,329,474,0.4,0.64,135,1,260,29,0,4.625312450961673,1,0,0,0,0,0,1
1270,0.07,0.02,0.0,885.0,845.0,600.0,329,474,0.4,0.64,135,1,260,29,0,4.643452676486188,1,0,0,0,0,0,1
1270,0.07,0.02,0.0,885.0,845.0,600.0,329,474,0.4,0.64,135,1,250,29,0,4.705863712283919,1,0,0,0,0,0,1
1270,0.07,0.02,0.0,885.0,845.0,600.0,329,474,0.4,0.64,135,1,250,29,0,4.786751422145561,1,0,0,0,0,0,1
1270,0.07,0.02,0.0,885.0,845.0,600.0,329,474,0.4,0.64,135,1,240,29,0,5.05307844348342,1,0,0,0,0,0,1
1270,0.07,0.02,0.0,885.0,845.0,600.0,329,474,0.4,0.64,135,1,240,29,0,5.093421685162235,1,0,0,0,0,0,1
1270,0.07,0.02,0.0,885.0,845.0,600.0,329,474,0.4,0.64,135,1,230,29,0,5.225309281725863,1,0,0,0,0,0,1
1270,0.07,0.02,0.0,885.0,845.0,600.0,329,474,0.4,0.64,135,1,230,29,0,5.545307116465824,1,0,0,0,0,0,1
1270,0.07,0.02,0.0,885.0,845.0,600.0,329,474,0.4,0.64,135,1,220,29,0,5.605305046141109,1,0,0,0,0,0,1
1270,0.07,0.02,0.0,885.0,845.0,600.0,329,474,0.4,0.64,135,1,220,29,0,5.650307523131937,1,0,0,0,0,0,1
1270,0.07,0.02,0.0,885.0,845.0,600.0,329,474,0.4,0.64,135,1,220,29,0,5.755112266395071,1,0,0,0,0,0,1
1270,0.07,0.02,0.0,885.0,845.0,600.0,329,474,0.4,0.64,135,1,210,29,0,6.482873583608754,1,0,0,0,0,0,1
1270,0.07,0.02,0.0,885.0,845.0,600.0,329,474,0.4,0.64,135,1,210,29,1,7.0,1,0,0,0,0,0,1
1270,0.07,0.02,0.0,885.0,845.0,600.0,329,474,0.4,0.64,135,1,210,29,1,7.0,1,0,0,0,0,0,1
1270,0.07,0.02,0.0,885.0,845.0,600.0,329,474,0.4,0.64,135,1,200,29,1,7.0,1,0,0,0,0,0,1
1270,0.07,0.02,0.0,885.0,845.0,600.0,329,474,0.4,0.64,135,1,200,29,1,7.0,1,0,0,0,0,0,1
1270,0.07,0.02,0.0,885.0,845.0,600.0,329,474,0.4,0.64,135,1,200,29,1,7.0,1,0,0,0,0,0,1
1740,0.06,0.0,0.0,885.0,845.0,600.0,353,506,0.37,0.63,146,1,260,41,0,4.786041210242554,1,0,0,0,0,0,1
1740,0.06,0.0,0.0,885.0,845.0,600.0,353,506,0.37,0.63,146,1,260,41,0,4.813580988568192,1,0,0,0,0,0,1
1740,0.06,0.0,0.0,885.0,845.0,600.0,353,506,0.37,0.63,146,1,250,41,0,4.875639937004168,1,0,0,0,0,0,1
1740,0.06,0.0,0.0,885.0,845.0,600.0,353,506,0.37,0.63,146,1,250,41,0,4.905256048748451,1,0,0,0,0,0,1
1740,0.06,0.0,0.0,885.0,845.0,600.0,353,506,0.37,0.63,146,1,240,41,0,5.033423755486949,1,0,0,0,0,0,1
1740,0.06,0.0,0.0,885.0,845.0,600.0,353,506,0.37,0.63,146,1,240,41,0,5.281033367247727,1,0,0,0,0,0,1
1740,0.06,0.0,0.0,885.0,845.0,600.0,353,506,0.37,0.63,146,1,230,41,0,5.392696953259666,1,0,0,0,0,0,1
1740,0.06,0.0,0.0,885.0,845.0,600.0,353,506,0.37,0.63,146,1,230,41,0,5.408239965311849,1,0,0,0,0,0,1
1740,0.06,0.0,0.0,885.0,845.0,600.0,353,506,0.37,0.63,146,1,220,41,0,6.064457989226918,1,0,0,0,0,0,1
1740,0.06,0.0,0.0,885.0,845.0,600.0,353,506,0.37,0.63,146,1,220,41,0,6.198657086954422,1,0,0,0,0,0,1
1740,0.06,0.0,0.0,885.0,845.0,600.0,353,506,0.37,0.63,146,1,220,41,0,6.44870631990508,1,0,0,0,0,0,1
1740,0.06,0.0,0.0,885.0,845.0,600.0,353,506,0.37,0.63,146,1,210,41,1,7.0,1,0,0,0,0,0,1
1740,0.06,0.0,0.0,885.0,845.0,600.0,353,506,0.37,0.63,146,1,210,41,1,7.0,1,0,0,0,0,0,1
1740,0.06,0.0,0.0,885.0,845.0,600.0,353,506,0.37,0.63,146,1,210,41,1,7.0,1,0,0,0,0,0,1
825,0.04,0.02,0.0,885.0,845.0,600.0,307,464,0.41,0.65,130,1,275,13,0,4.3692158574101425,1,0,0,0,0,0,1
825,0.04,0.02,0.0,885.0,845.0,600.0,307,464,0.41,0.65,130,1,250,13,0,4.562292864456475,1,0,0,0,0,0,1
825,0.04,0.02,0.0,885.0,845.0,600.0,307,464,0.41,0.65,130,1,225,13,0,5.05307844348342,1,0,0,0,0,0,1
825,0.04,0.02,0.0,885.0,845.0,600.0,307,464,0.41,0.65,130,1,190,13,1,7.0,1,0,0,0,0,0,1
825,0.04,0.02,0.0,885.0,845.0,600.0,307,464,0.41,0.65,130,1,195,13,0,5.903089986991944,1,0,0,0,0,0,1
825,0.04,0.02,0.0,885.0,845.0,600.0,307,464,0.41,0.65,130,1,190,13,0,6.658011396657113,1,0,0,0,0,0,1
825,0.04,0.02,0.0,885.0,845.0,600.0,307,464,0.41,0.65,130,1,185,13,1,7.0,1,0,0,0,0,0,1
825,0.05,0.03,0.0,865.0,865.0,550.0,543,736,0.33,0.68,235,0,480,14,0,4.828015064223977,1,0,0,0,0,0,0
825,0.05,0.03,0.0,865.0,865.0,550.0,543,736,0.33,0.68,235,0,480,14,0,5.017033339298781,1,0,0,0,0,0,0
825,0.05,0.03,0.0,865.0,865.0,550.0,543,736,0.33,0.68,235,0,460,14,0,5.143014800254095,1,0,0,0,0,0,0
825,0.05,0.03,0.0,865.0,865.0,550.0,543,736,0.33,0.68,235,0,460,14,0,5.204119982655925,1,0,0,0,0,0,0
825,0.05,0.03,0.0,865.0,865.0,550.0,543,736,0.33,0.68,235,0,440,14,0,5.324282455297693,1,0,0,0,0,0,0
825,0.05,0.03,0.0,865.0,865.0,550.0,543,736,0.33,0.68,235,0,440,14,0,5.737987326333431,1,0,0,0,0,0,0
825,0.05,0.03,0.0,865.0,865.0,550.0,543,736,0.33,0.68,235,0,420,14,0,5.657055852857104,1,0,0,0,0,0,0
825,0.05,0.03,0.0,865.0,865.0,550.0,543,736,0.33,0.68,235,0,410,14,0,5.408239965311849,1,0,0,0,0,0,0
825,0.05,0.03,0.0,865.0,865.0,550.0,543,736,0.33,0.68,235,0,410,14,0,5.488550716500444,1,0,0,0,0,0,0
825,0.05,0.03,0.0,865.0,865.0,550.0,543,736,0.33,0.68,235,0,400,14,0,5.810232517995084,1,0,0,0,0,0,0
825,0.05,0.03,0.0,865.0,865.0,550.0,543,736,0.33,0.68,235,0,400,14,0,6.056904851336473,1,0,0,0,0,0,0
825,0.05,0.03,0.0,865.0,865.0,550.0,543,736,0.33,0.68,235,0,400,14,1,7.326335860928752,1,0,0,0,0,0,0
825,0.05,0.03,0.0,865.0,865.0,550.0,543,736,0.33,0.68,235,0,390,14,0,6.1303337684950066,1,0,0,0,0,0,0
825,0.05,0.03,0.0,865.0,865.0,550.0,543,736,0.33,0.68,235,0,390,14,1,7.326335860928752,1,0,0,0,0,0,0
825,0.05,0.03,0.0,865.0,865.0,550.0,543,736,0.33,0.68,235,0,390,14,1,7.326335860928752,1,0,0,0,0,0,0
825,0.05,0.03,0.0,865.0,865.0,550.0,543,736,0.33,0.68,235,0,390,14,1,7.326335860928752,1,0,0,0,0,0,0
825,0.05,0.03,0.0,865.0,865.0,550.0,543,736,0.33,0.68,235,0,390,14,1,7.326335860928752,1,0,0,0,0,0,0
825,0.05,0.03,0.0,865.0,865.0,550.0,543,736,0.33,0.68,235,0,280,14,1,7.326335860928752,1,0,0,0,0,0,0
825,0.05,0.03,0.0,865.0,865.0,550.0,543,736,0.33,0.68,235,0,280,14,1,7.326335860928752,1,0,0,0,0,0,0
825,0.05,0.03,0.0,865.0,865.0,550.0,543,736,0.33,0.68,235,0,280,14,1,7.326335860928752,1,0,0,0,0,0,0
1740,0.08,0.0,0.0,865.0,865.0,550.0,496,690,0.26,0.72,239,0,460,43,0,4.496929648073215,1,0,0,0,0,0,0
1740,0.08,0.0,0.0,865.0,865.0,550.0,496,690,0.26,0.72,239,0,450,43,0,4.653212513775344,1,0,0,0,0,0,0
1740,0.08,0.0,0.0,865.0,865.0,550.0,496,690,0.26,0.72,239,0,450,43,0,4.764922984649888,1,0,0,0,0,0,0
1740,0.08,0.0,0.0,865.0,865.0,550.0,496,690,0.26,0.72,239,0,440,43,0,5.008600171761918,1,0,0,0,0,0,0
1740,0.08,0.0,0.0,865.0,865.0,550.0,496,690,0.26,0.72,239,0,440,43,0,5.176091259055681,1,0,0,0,0,0,0
1740,0.08,0.0,0.0,865.0,865.0,550.0,496,690,0.26,0.72,239,0,430,43,0,5.303196057420489,1,0,0,0,0,0,0
1740,0.08,0.0,0.0,865.0,865.0,550.0,496,690,0.26,0.72,239,0,430,43,0,5.6020599913279625,1,0,0,0,0,0,0
1740,0.08,0.0,0.0,865.0,865.0,550.0,496,690,0.26,0.72,239,0,420,43,0,5.330413773349191,1,0,0,0,0,0,0
1740,0.08,0.0,0.0,865.0,865.0,550.0,496,690,0.26,0.72,239,0,420,43,0,5.541579243946581,1,0,0,0,0,0,0
1740,0.08,0.0,0.0,865.0,865.0,550.0,496,690,0.26,0.72,239,0,420,43,0,5.556302500767287,1,0,0,0,0,0,0
1740,0.08,0.0,0.0,865.0,865.0,550.0,496,690,0.26,0.72,239,0,410,43,0,5.657055852857104,1,0,0,0,0,0,0
1740,0.08,0.0,0.0,865.0,865.0,550.0,496,690,0.26,0.72,239,0,410,43,0,5.847572659142112,1,0,0,0,0,0,0
1740,0.08,0.0,0.0,865.0,865.0,550.0,496,690,0.26,0.72,239,0,410,43,0,5.865103974641128,1,0,0,0,0,0,0
1740,0.08,0.0,0.0,865.0,865.0,550.0,496,690,0.26,0.72,239,0,400,43,0,5.577491799837225,1,0,0,0,0,0,0
1740,0.08,0.0,0.0,865.0,865.0,550.0,496,690,0.26,0.72,239,0,400,43,1,7.326335860928752,1,0,0,0,0,0,0
1740,0.08,0.0,0.0,865.0,865.0,550.0,496,690,0.26,0.72,239,0,400,43,1,7.326335860928752,1,0,0,0,0,0,0
1740,0.08,0.0,0.0,865.0,865.0,550.0,496,690,0.26,0.72,239,0,390,43,1,7.326335860928752,1,0,0,0,0,0,0
1740,0.08,0.0,0.0,865.0,865.0,550.0,496,690,0.26,0.72,239,0,390,43,1,7.326335860928752,1,0,0,0,0,0,0
1740,0.08,0.0,0.0,865.0,865.0,550.0,496,690,0.26,0.72,239,0,390,43,1,7.326335860928752,1,0,0,0,0,0,0
610,0.07,0.0,0.03,865.0,865.0,550.0,594,790,0.21,0.62,261,0,510,6,0,5.264817823009537,1,0,0,0,0,0,0
610,0.07,0.0,0.03,865.0,865.0,550.0,594,790,0.21,0.62,261,0,490,6,0,5.456366033129043,1,0,0,0,0,0,0
610,0.07,0.0,0.03,865.0,865.0,550.0,594,790,0.21,0.62,261,0,470,6,0,4.9273703630390235,1,0,0,0,0,0,0
610,0.07,0.0,0.03,865.0,865.0,550.0,594,790,0.21,0.62,261,0,470,6,0,5.181843587944773,1,0,0,0,0,0,0
610,0.07,0.0,0.03,865.0,865.0,550.0,594,790,0.21,0.62,261,0,470,6,0,5.737192642704737,1,0,0,0,0,0,0
610,0.07,0.0,0.03,865.0,865.0,550.0,594,790,0.21,0.62,261,0,460,6,0,5.075546961392531,1,0,0,0,0,0,0
610,0.07,0.0,0.03,865.0,865.0,550.0,594,790,0.21,0.62,261,0,450,6,0,5.372912002970106,1,0,0,0,0,0,0
610,0.07,0.0,0.03,865.0,865.0,550.0,594,790,0.21,0.62,261,0,450,6,1,7.326335860928752,1,0,0,0,0,0,0
610,0.07,0.0,0.03,865.0,865.0,550.0,594,790,0.21,0.62,261,0,440,6,0,5.511883360978874,1,0,0,0,0,0,0
610,0.07,0.0,0.03,865.0,865.0,550.0,594,790,0.21,0.62,261,0,430,6,0,5.534026106056135,1,0,0,0,0,0,0
610,0.07,0.0,0.03,865.0,865.0,550.0,594,790,0.21,0.62,261,0,420,6,0,5.596597095626461,1,0,0,0,0,0,0
610,0.07,0.0,0.03,865.0,865.0,550.0,594,790,0.21,0.62,261,0,420,6,1,7.326335860928752,1,0,0,0,0,0,0
610,0.07,0.0,0.03,865.0,865.0,550.0,594,790,0.21,0.62,261,0,410,6,0,5.630427875025024,1,0,0,0,0,0,0
610,0.07,0.0,0.03,865.0,865.0,550.0,594,790,0.21,0.62,261,0,410,6,0,6.012837224705172,1,0,0,0,0,0,0
610,0.07,0.0,0.03,865.0,865.0,550.0,594,790,0.21,0.62,261,0,400,6,0,5.797267540830717,1,0,0,0,0,0,0
610,0.07,0.0,0.03,865.0,865.0,550.0,594,790,0.21,0.62,261,0,400,6,0,5.874481817699467,1,0,0,0,0,0,0
610,0.07,0.0,0.03,865.0,865.0,550.0,594,790,0.21,0.62,261,0,400,6,0,6.378397900948138,1,0,0,0,0,0,0
610,0.07,0.0,0.03,865.0,865.0,550.0,594,790,0.21,0.62,261,0,390,6,0,5.753583058892906,1,0,0,0,0,0,0
610,0.07,0.0,0.03,865.0,865.0,550.0,594,790,0.21,0.62,261,0,390,6,0,6.338456493604605,1,0,0,0,0,0,0
610,0.07,0.0,0.03,865.0,865.0,550.0,594,790,0.21,0.62,261,0,390,6,1,7.326335860928752,1,0,0,0,0,0,0
610,0.07,0.0,0.03,865.0,865.0,550.0,594,790,0.21,0.62,261,0,390,6,1,7.326335860928752,1,0,0,0,0,0,0
610,0.07,0.0,0.03,865.0,865.0,550.0,594,790,0.21,0.62,261,0,380,6,0,5.853698211776174,1,0,0,0,0,0,0
610,0.07,0.0,0.03,865.0,865.0,550.0,594,790,0.21,0.62,261,0,380,6,1,7.326335860928752,1,0,0,0,0,0,0
610,0.07,0.0,0.03,865.0,865.0,550.0,594,790,0.21,0.62,261,0,380,6,1,7.326335860928752,1,0,0,0,0,0,0
825,0.08,0.0,0.0,865.0,865.0,550.0,534,720,0.22,0.68,230,0,480,22,0,4.810904280668701,1,0,0,0,0,0,0
825,0.08,0.0,0.0,865.0,865.0,550.0,534,720,0.22,0.68,230,0,480,22,0,5.012837224705172,1,0,0,0,0,0,0
825,0.08,0.0,0.0,865.0,865.0,550.0,534,720,0.22,0.68,230,0,470,22,0,4.447158031342219,1,0,0,0,0,0,0
825,0.08,0.0,0.0,865.0,865.0,550.0,534,720,0.22,0.68,230,0,470,22,0,5.056904851336473,1,0,0,0,0,0,0
825,0.08,0.0,0.0,865.0,865.0,550.0,534,720,0.22,0.68,230,0,470,22,0,5.152288344383057,1,0,0,0,0,0,0
825,0.08,0.0,0.0,865.0,865.0,550.0,534,720,0.22,0.68,230,0,460,22,0,5.1673173347481764,1,0,0,0,0,0,0
825,0.08,0.0,0.0,865.0,865.0,550.0,534,720,0.22,0.68,230,0,460,22,0,5.326335860928752,1,0,0,0,0,0,0
825,0.08,0.0,0.0,865.0,865.0,550.0,534,720,0.22,0.68,230,0,450,22,0,4.887054378050957,1,0,0,0,0,0,0
825,0.08,0.0,0.0,865.0,865.0,550.0,534,720,0.22,0.68,230,0,450,22,0,5.567026366159061,1,0,0,0,0,0,0
825,0.08,0.0,0.0,865.0,865.0,550.0,534,720,0.22,0.68,230,0,450,22,0,5.951337518795918,1,0,0,0,0,0,0
825,0.08,0.0,0.0,865.0,865.0,550.0,534,720,0.22,0.68,230,0,440,22,0,5.434568904034199,1,0,0,0,0,0,0
825,0.08,0.0,0.0,865.0,865.0,550.0,534,720,0.22,0.68,230,0,440,22,0,5.875639937004168,1,0,0,0,0,0,0
825,0.08,0.0,0.0,865.0,865.0,550.0,534,720,0.22,0.68,230,0,430,22,0,5.957128197676813,1,0,0,0,0,0,0
825,0.08,0.0,0.0,865.0,865.0,550.0,534,720,0.22,0.68,230,0,430,22,1,7.326335860928752,1,0,0,0,0,0,0
825,0.08,0.0,0.0,865.0,865.0,550.0,534,720,0.22,0.68,230,0,430,22,1,7.326335860928752,1,0,0,0,0,0,0
825,0.08,0.0,0.0,865.0,865.0,550.0,534,720,0.22,0.68,230,0,420,22,0,5.460897842756548,1,0,0,0,0,0,0
825,0.08,0.0,0.0,865.0,865.0,550.0,534,720,0.22,0.68,230,0,420,22,0,5.788168371141167,1,0,0,0,0,0,0
825,0.08,0.0,0.0,865.0,865.0,550.0,534,720,0.22,0.68,230,0,420,22,1,7.326335860928752,1,0,0,0,0,0,0
825,0.08,0.0,0.0,865.0,865.0,550.0,534,720,0.22,0.68,230,0,420,22,1,7.326335860928752,1,0,0,0,0,0,0
825,0.08,0.0,0.0,865.0,865.0,550.0,534,720,0.22,0.68,230,0,410,22,1,7.326335860928752,1,0,0,0,0,0,0
825,0.08,0.0,0.0,865.0,865.0,550.0,534,720,0.22,0.68,230,0,410,22,1,7.326335860928752,1,0,0,0,0,0,0
825,0.08,0.0,0.0,865.0,865.0,550.0,534,720,0.22,0.68,230,0,410,22,1,7.326335860928752,1,0,0,0,0,0,0
610,0.06,0.01,0.01,865.0,865.0,550.0,668,830,0.2,0.59,262,0,560,0,0,4.513217600067939,1,0,0,0,0,0,0
610,0.06,0.01,0.01,865.0,865.0,550.0,668,830,0.2,0.59,262,0,540,0,0,4.889301702506311,1,0,0,0,0,0,0
610,0.06,0.01,0.01,865.0,865.0,550.0,668,830,0.2,0.59,262,0,520,0,0,5.463892988985907,1,0,0,0,0,0,0
610,0.06,0.01,0.01,865.0,865.0,550.0,668,830,0.2,0.59,262,0,520,0,0,5.176091259055681,1,0,0,0,0,0,0
610,0.06,0.01,0.01,865.0,865.0,550.0,668,830,0.2,0.59,262,0,500,0,0,4.652246341003323,1,0,0,0,0,0,0
610,0.06,0.01,0.01,865.0,865.0,550.0,668,830,0.2,0.59,262,0,500,0,0,5.41161970596323,1,0,0,0,0,0,0
610,0.06,0.01,0.01,865.0,865.0,550.0,668,830,0.2,0.59,262,0,480,0,0,5.017033339298781,1,0,0,0,0,0,0
610,0.06,0.01,0.01,865.0,865.0,550.0,668,830,0.2,0.59,262,0,480,0,0,5.456366033129043,1,0,0,0,0,0,0
610,0.06,0.01,0.01,865.0,865.0,550.0,668,830,0.2,0.59,262,0,460,0,0,5.465382851448418,1,0,0,0,0,0,0
610,0.06,0.01,0.01,865.0,865.0,550.0,668,830,0.2,0.59,262,0,460,0,0,6.004321373782642,1,0,0,0,0,0,0
610,0.06,0.01,0.01,865.0,865.0,550.0,668,830,0.2,0.59,262,0,440,0,0,5.623249290397901,1,0,0,0,0,0,0
610,0.06,0.01,0.01,865.0,865.0,550.0,668,830,0.2,0.59,262,0,440,0,1,7.123851640967086,1,0,0,0,0,0,0
610,0.06,0.01,0.01,865.0,865.0,550.0,668,830,0.2,0.59,262,0,440,0,1,7.326335860928752,1,0,0,0,0,0,0
610,0.06,0.01,0.01,865.0,865.0,550.0,668,830,0.2,0.59,262,0,420,0,0,5.857935264719429,1,0,0,0,0,0,0
610,0.06,0.01,0.01,865.0,865.0,550.0,668,830,0.2,0.59,262,0,420,0,1,7.326335860928752,1,0,0,0,0,0,0
610,0.06,0.01,0.01,865.0,865.0,550.0,668,830,0.2,0.59,262,0,420,0,1,7.326335860928752,1,0,0,0,0,0,0
610,0.06,0.01,0.01,865.0,865.0,550.0,668,830,0.2,0.59,262,0,400,0,0,6.227886704613674,1,0,0,0,0,0,0
610,0.06,0.01,0.01,865.0,865.0,550.0,668,830,0.2,0.59,262,0,400,0,1,7.326335860928752,1,0,0,0,0,0,0
610,0.06,0.01,0.01,865.0,865.0,550.0,668,830,0.2,0.59,262,0,400,0,1,7.326335860928752,1,0,0,0,0,0,0
610,0.06,0.01,0.01,865.0,865.0,550.0,668,830,0.2,0.59,262,0,390,0,0,6.821513528404773,1,0,0,0,0,0,0
610,0.06,0.01,0.01,865.0,865.0,550.0,668,830,0.2,0.59,262,0,390,0,1,7.326335860928752,1,0,0,0,0,0,0
610,0.06,0.01,0.01,865.0,865.0,550.0,668,830,0.2,0.59,262,0,390,0,1,7.326335860928752,1,0,0,0,0,0,0
1740,0.06,0.0,0.0,865.0,865.0,550.0,589,748,0.22,0.68,248,0,490,37,0,4.8061799739838875,1,0,0,0,0,0,0
1740,0.06,0.0,0.0,865.0,865.0,550.0,589,748,0.22,0.68,248,0,490,37,0,5.113943352306837,1,0,0,0,0,0,0
1740,0.06,0.0,0.0,865.0,865.0,550.0,589,748,0.22,0.68,248,0,480,37,0,5.136720567156407,1,0,0,0,0,0,0
1740,0.06,0.0,0.0,865.0,865.0,550.0,589,748,0.22,0.68,248,0,480,37,0,5.173186268412274,1,0,0,0,0,0,0
1740,0.06,0.0,0.0,865.0,865.0,550.0,589,748,0.22,0.68,248,0,470,37,0,5.4065401804339555,1,0,0,0,0,0,0
1740,0.06,0.0,0.0,865.0,865.0,550.0,589,748,0.22,0.68,248,0,470,37,0,5.453318340047038,1,0,0,0,0,0,0
1740,0.06,0.0,0.0,865.0,865.0,550.0,589,748,0.22,0.68,248,0,460,37,0,5.489958479424835,1,0,0,0,0,0,0
1740,0.06,0.0,0.0,865.0,865.0,550.0,589,748,0.22,0.68,248,0,460,37,0,5.699837725867246,1,0,0,0,0,0,0
1740,0.06,0.0,0.0,865.0,865.0,550.0,589,748,0.22,0.68,248,0,450,37,0,5.615950051656401,1,0,0,0,0,0,0
1740,0.06,0.0,0.0,865.0,865.0,550.0,589,748,0.22,0.68,248,0,450,37,0,5.671172842715083,1,0,0,0,0,0,0
1740,0.06,0.0,0.0,865.0,865.0,550.0,589,748,0.22,0.68,248,0,440,37,0,5.594392550375427,1,0,0,0,0,0,0
1740,0.06,0.0,0.0,865.0,865.0,550.0,589,748,0.22,0.68,248,0,440,37,0,5.732393759822968,1,0,0,0,0,0,0
1740,0.06,0.0,0.0,865.0,865.0,550.0,589,748,0.22,0.68,248,0,430,37,0,5.6875289612146345,1,0,0,0,0,0,0
1740,0.06,0.0,0.0,865.0,865.0,550.0,589,748,0.22,0.68,248,0,430,37,0,6.02530586526477,1,0,0,0,0,0,0
1740,0.06,0.0,0.0,865.0,865.0,550.0,589,748,0.22,0.68,248,0,430,37,1,7.326335860928752,1,0,0,0,0,0,0
1740,0.06,0.0,0.0,865.0,865.0,550.0,589,748,0.22,0.68,248,0,420,37,0,5.82865989653532,1,0,0,0,0,0,0
1740,0.06,0.0,0.0,865.0,865.0,550.0,589,748,0.22,0.68,248,0,420,37,0,6.136720567156407,1,0,0,0,0,0,0
1740,0.06,0.0,0.0,865.0,865.0,550.0,589,748,0.22,0.68,248,0,420,37,1,7.326335860928752,1,0,0,0,0,0,0
1740,0.06,0.0,0.0,865.0,865.0,550.0,589,748,0.22,0.68,248,0,410,37,0,6.049218022670182,1,0,0,0,0,0,0
1740,0.06,0.0,0.0,865.0,865.0,550.0,589,748,0.22,0.68,248,0,410,37,1,7.326335860928752,1,0,0,0,0,0,0
1740,0.06,0.0,0.0,865.0,865.0,550.0,589,748,0.22,0.68,248,0,410,37,1,7.326335860928752,1,0,0,0,0,0,0
1270,0.13,0.01,0.0,865.0,865.0,550.0,586,763,0.24,0.69,251,0,490,34,0,4.562292864456475,1,0,0,0,0,0,0
1270,0.13,0.01,0.0,865.0,865.0,550.0,586,763,0.24,0.69,251,0,490,34,0,4.710117365111817,1,0,0,0,0,0,0
1270,0.13,0.01,0.0,865.0,865.0,550.0,586,763,0.24,0.69,251,0,480,34,0,4.9661417327390325,1,0,0,0,0,0,0
1270,0.13,0.01,0.0,865.0,865.0,550.0,586,763,0.24,0.69,251,0,480,34,0,5.033423755486949,1,0,0,0,0,0,0
1270,0.13,0.01,0.0,865.0,865.0,550.0,586,763,0.24,0.69,251,0,470,34,0,5.041392685158225,1,0,0,0,0,0,0
1270,0.13,0.01,0.0,865.0,865.0,550.0,586,763,0.24,0.69,251,0,470,34,0,5.305351369446623,1,0,0,0,0,0,0
1270,0.13,0.01,0.0,865.0,865.0,550.0,586,763,0.24,0.69,251,0,460,34,0,5.247973266361806,1,0,0,0,0,0,0
1270,0.13,0.01,0.0,865.0,865.0,550.0,586,763,0.24,0.69,251,0,460,34,0,5.378397900948138,1,0,0,0,0,0,0
1270,0.13,0.01,0.0,865.0,865.0,550.0,586,763,0.24,0.69,251,0,450,34,0,5.439332693830263,1,0,0,0,0,0,0
1270,0.13,0.01,0.0,865.0,865.0,550.0,586,763,0.24,0.69,251,0,450,34,0,5.506505032404872,1,0,0,0,0,0,0
1270,0.13,0.01,0.0,865.0,865.0,550.0,586,763,0.24,0.69,251,0,440,34,0,5.408239965311849,1,0,0,0,0,0,0
1270,0.13,0.01,0.0,865.0,865.0,550.0,586,763,0.24,0.69,251,0,440,34,0,5.638489256954637,1,0,0,0,0,0,0
1270,0.13,0.01,0.0,865.0,865.0,550.0,586,763,0.24,0.69,251,0,430,34,0,5.710963118995275,1,0,0,0,0,0,0
1270,0.13,0.01,0.0,865.0,865.0,550.0,586,763,0.24,0.69,251,0,430,34,0,5.854913022307856,1,0,0,0,0,0,0
1270,0.13,0.01,0.0,865.0,865.0,550.0,586,763,0.24,0.69,251,0,420,34,0,5.797267540830717,1,0,0,0,0,0,0
1270,0.13,0.01,0.0,865.0,865.0,550.0,586,763,0.24,0.69,251,0,420,34,0,5.017033339298781,1,0,0,0,0,0,0
1270,0.13,0.01,0.0,865.0,865.0,550.0,586,763,0.24,0.69,251,0,420,34,1,7.326335860928752,1,0,0,0,0,0,0
1270,0.13,0.01,0.0,865.0,865.0,550.0,586,763,0.24,0.69,251,0,410,34,0,5.90633504180509,1,0,0,0,0,0,0
1270,0.13,0.01,0.0,865.0,865.0,550.0,586,763,0.24,0.69,251,0,410,34,1,7.326335860928752,1,0,0,0,0,0,0
1270,0.13,0.01,0.0,865.0,865.0,550.0,586,763,0.24,0.69,251,0,410,34,1,7.326335860928752,1,0,0,0,0,0,0
1270,0.13,0.01,0.0,865.0,865.0,550.0,586,763,0.24,0.69,251,0,410,34,1,7.326335860928752,1,0,0,0,0,0,0
1740,0.1,0.0,0.0,865.0,865.0,550.0,574,776,0.23,0.67,246,0,500,46,0,4.535294120042771,1,0,0,0,0,0,0
1740,0.1,0.0,0.0,865.0,865.0,550.0,574,776,0.23,0.67,246,0,500,46,0,4.763427993562937,1,0,0,0,0,0,0
1740,0.1,0.0,0.0,865.0,865.0,550.0,574,776,0.23,0.67,246,0,490,46,0,4.703291378118661,1,0,0,0,0,0,0
1740,0.1,0.0,0.0,865.0,865.0,550.0,574,776,0.23,0.67,246,0,490,46,0,5.08278537031645,1,0,0,0,0,0,0
1740,0.1,0.0,0.0,865.0,865.0,550.0,574,776,0.23,0.67,246,0,480,46,0,5.247973266361806,1,0,0,0,0,0,0
1740,0.1,0.0,0.0,865.0,865.0,550.0,574,776,0.23,0.67,246,0,480,46,0,5.367355921026019,1,0,0,0,0,0,0
1740,0.1,0.0,0.0,865.0,865.0,550.0,574,776,0.23,0.67,246,0,470,46,0,5.161368002234975,1,0,0,0,0,0,0
1740,0.1,0.0,0.0,865.0,865.0,550.0,574,776,0.23,0.67,246,0,470,46,0,5.271841606536499,1,0,0,0,0,0,0
1740,0.1,0.0,0.0,865.0,865.0,550.0,574,776,0.23,0.67,246,0,470,46,0,5.401400540781544,1,0,0,0,0,0,0
1740,0.1,0.0,0.0,865.0,865.0,550.0,574,776,0.23,0.67,246,0,460,46,0,5.41161970596323,1,0,0,0,0,0,0
1740,0.1,0.0,0.0,865.0,865.0,550.0,574,776,0.23,0.67,246,0,460,46,0,5.481442628502305,1,0,0,0,0,0,0
1740,0.1,0.0,0.0,865.0,865.0,550.0,574,776,0.23,0.67,246,0,450,46,0,5.506505032404872,1,0,0,0,0,0,0
1740,0.1,0.0,0.0,865.0,865.0,550.0,574,776,0.23,0.67,246,0,450,46,0,5.786751422145561,1,0,0,0,0,0,0
1740,0.1,0.0,0.0,865.0,865.0,550.0,574,776,0.23,0.67,246,0,450,46,0,5.93801909747621,1,0,0,0,0,0,0
1740,0.1,0.0,0.0,865.0,865.0,550.0,574,776,0.23,0.67,246,0,440,46,0,5.539076098792776,1,0,0,0,0,0,0
1740,0.1,0.0,0.0,865.0,865.0,550.0,574,776,0.23,0.67,246,0,440,46,0,5.620136054973758,1,0,0,0,0,0,0
1740,0.1,0.0,0.0,865.0,865.0,550.0,574,776,0.23,0.67,246,0,440,46,0,6.056904851336473,1,0,0,0,0,0,0
1740,0.1,0.0,0.0,865.0,865.0,550.0,574,776,0.23,0.67,246,0,440,46,1,7.326335860928752,1,0,0,0,0,0,0
1740,0.1,0.0,0.0,865.0,865.0,550.0,574,776,0.23,0.67,246,0,440,46,1,7.326335860928752,1,0,0,0,0,0,0
1740,0.1,0.0,0.0,865.0,865.0,550.0,574,776,0.23,0.67,246,0,430,46,0,6.110589710299249,1,0,0,0,0,0,0
1740,0.1,0.0,0.0,865.0,865.0,550.0,574,776,0.23,0.67,246,0,430,46,0,6.133538908370218,1,0,0,0,0,0,0
1740,0.1,0.0,0.0,865.0,865.0,550.0,574,776,0.23,0.67,246,0,430,46,1,7.326335860928752,1,0,0,0,0,0,0
1740,0.1,0.0,0.0,865.0,865.0,550.0,574,776,0.23,0.67,246,0,420,46,1,7.326335860928752,1,0,0,0,0,0,0
1740,0.1,0.0,0.0,865.0,865.0,550.0,574,776,0.23,0.67,246,0,420,46,1,7.326335860928752,1,0,0,0,0,0,0
610,0.06,0.05,0.03,865.0,865.0,550.0,540,715,0.21,0.67,234,0,460,3,0,4.841984804590114,1,0,0,0,0,0,0
610,0.06,0.05,0.03,865.0,865.0,550.0,540,715,0.21,0.67,234,0,460,3,0,4.921686475483602,1,0,0,0,0,0,0
610,0.06,0.05,0.03,865.0,865.0,550.0,540,715,0.21,0.67,234,0,440,3,0,4.981818607170664,1,0,0,0,0,0,0
610,0.06,0.05,0.03,865.0,865.0,550.0,540,715,0.21,0.67,234,0,440,3,0,5.198657086954422,1,0,0,0,0,0,0
610,0.06,0.05,0.03,865.0,865.0,550.0,540,715,0.21,0.67,234,0,420,3,0,5.2878017299302265,1,0,0,0,0,0,0
610,0.06,0.05,0.03,865.0,865.0,550.0,540,715,0.21,0.67,234,0,420,3,0,5.424881636631067,1,0,0,0,0,0,0
610,0.06,0.05,0.03,865.0,865.0,550.0,540,715,0.21,0.67,234,0,400,3,0,5.690196080028514,1,0,0,0,0,0,0
610,0.06,0.05,0.03,865.0,865.0,550.0,540,715,0.21,0.67,234,0,400,3,0,5.732393759822968,1,0,0,0,0,0,0
610,0.06,0.05,0.03,865.0,865.0,550.0,540,715,0.21,0.67,234,0,390,3,0,5.703291378118661,1,0,0,0,0,0,0
610,0.06,0.05,0.03,865.0,865.0,550.0,540,715,0.21,0.67,234,0,390,3,0,6.056904851336473,1,0,0,0,0,0,0
610,0.06,0.05,0.03,865.0,865.0,550.0,540,715,0.21,0.67,234,0,390,3,1,7.326335860928752,1,0,0,0,0,0,0
610,0.06,0.05,0.03,865.0,865.0,550.0,540,715,0.21,0.67,234,0,380,3,0,5.849419413796899,1,0,0,0,0,0,0
610,0.06,0.05,0.03,865.0,865.0,550.0,540,715,0.21,0.67,234,0,380,3,0,6.068185861746161,1,0,0,0,0,0,0
610,0.06,0.05,0.03,865.0,865.0,550.0,540,715,0.21,0.67,234,0,380,3,1,7.326335860928752,1,0,0,0,0,0,0
610,0.06,0.05,0.03,865.0,865.0,550.0,540,715,0.21,0.67,234,0,370,3,0,6.380211241711606,1,0,0,0,0,0,0
610,0.06,0.05,0.03,865.0,865.0,550.0,540,715,0.21,0.67,234,0,370,3,1,7.326335860928752,1,0,0,0,0,0,0
610,0.06,0.05,0.03,865.0,865.0,550.0,540,715,0.21,0.67,234,0,370,3,1,7.326335860928752,1,0,0,0,0,0,0
610,0.06,0.05,0.03,865.0,865.0,550.0,540,715,0.21,0.67,234,0,360,3,1,7.326335860928752,1,0,0,0,0,0,0
610,0.06,0.05,0.03,865.0,865.0,550.0,540,715,0.21,0.67,234,0,360,3,1,7.326335860928752,1,0,0,0,0,0,0
610,0.06,0.05,0.03,865.0,865.0,550.0,540,715,0.21,0.67,234,0,360,3,1,7.326335860928752,1,0,0,0,0,0,0
825,0.05,0.03,0.0,865.0,865.0,600.0,543,736,0.33,0.68,235,0,460,15,0,4.5276299008713385,1,0,0,0,0,0,0
825,0.05,0.03,0.0,865.0,865.0,600.0,543,736,0.33,0.68,235,0,440,15,0,4.413299764081252,1,0,0,0,0,0,0
825,0.05,0.03,0.0,865.0,865.0,600.0,543,736,0.33,0.68,235,0,440,15,0,5.143014800254095,1,0,0,0,0,0,0
825,0.05,0.03,0.0,865.0,865.0,600.0,543,736,0.33,0.68,235,0,440,15,0,5.230448921378274,1,0,0,0,0,0,0
825,0.05,0.03,0.0,865.0,865.0,600.0,543,736,0.33,0.68,235,0,430,15,0,4.721810615212546,1,0,0,0,0,0,0
825,0.05,0.03,0.0,865.0,865.0,600.0,543,736,0.33,0.68,235,0,430,15,0,5.390935107103379,1,0,0,0,0,0,0
825,0.05,0.03,0.0,865.0,865.0,600.0,543,736,0.33,0.68,235,0,420,15,0,4.943988875073772,1,0,0,0,0,0,0
825,0.05,0.03,0.0,865.0,865.0,600.0,543,736,0.33,0.68,235,0,420,15,0,5.489958479424835,1,0,0,0,0,0,0
825,0.05,0.03,0.0,865.0,865.0,600.0,543,736,0.33,0.68,235,0,410,15,0,5.52244423350632,1,0,0,0,0,0,0
825,0.05,0.03,0.0,865.0,865.0,600.0,543,736,0.33,0.68,235,0,410,15,0,5.545307116465824,1,0,0,0,0,0,0
825,0.05,0.03,0.0,865.0,865.0,600.0,543,736,0.33,0.68,235,0,400,15,0,5.755112266395071,1,0,0,0,0,0,0
825,0.05,0.03,0.0,865.0,865.0,600.0,543,736,0.33,0.68,235,0,400,15,0,5.802773725291976,1,0,0,0,0,0,0
825,0.05,0.03,0.0,865.0,865.0,600.0,543,736,0.33,0.68,235,0,390,15,0,5.887617300335736,1,0,0,0,0,0,0
825,0.05,0.03,0.0,865.0,865.0,600.0,543,736,0.33,0.68,235,0,390,15,0,6.217483944213907,1,0,0,0,0,0,0
825,0.05,0.03,0.0,865.0,865.0,600.0,543,736,0.33,0.68,235,0,390,15,1,7.326335860928752,1,0,0,0,0,0,0
825,0.05,0.03,0.0,865.0,865.0,600.0,543,736,0.33,0.68,235,0,380,15,0,5.993436230497612,1,0,0,0,0,0,0
825,0.05,0.03,0.0,865.0,865.0,600.0,543,736,0.33,0.68,235,0,380,15,1,7.326335860928752,1,0,0,0,0,0,0
825,0.05,0.03,0.0,865.0,865.0,600.0,543,736,0.33,0.68,235,0,380,15,1,7.326335860928752,1,0,0,0,0,0,0
825,0.05,0.03,0.0,865.0,865.0,600.0,543,736,0.33,0.68,235,0,370,15,0,5.717670503002262,1,0,0,0,0,0,0
825,0.05,0.03,0.0,865.0,865.0,600.0,543,736,0.33,0.68,235,0,370,15,1,7.326335860928752,1,0,0,0,0,0,0
825,0.05,0.03,0.0,865.0,865.0,600.0,543,736,0.33,0.68,235,0,370,15,1,7.326335860928752,1,0,0,0,0,0,0
610,0.07,0.0,0.03,865.0,865.0,600.0,594,790,0.21,0.62,261,0,500,7,0,4.480006942957151,1,0,0,0,0,0,0
610,0.07,0.0,0.03,865.0,865.0,600.0,594,790,0.21,0.62,261,0,500,7,0,4.826074802700826,1,0,0,0,0,0,0
610,0.07,0.0,0.03,865.0,865.0,600.0,594,790,0.21,0.62,261,0,480,7,0,4.626340367375042,1,0,0,0,0,0,0
610,0.07,0.0,0.03,865.0,865.0,600.0,594,790,0.21,0.62,261,0,480,7,0,5.320146286111054,1,0,0,0,0,0,0
610,0.07,0.0,0.03,865.0,865.0,600.0,594,790,0.21,0.62,261,0,460,7,0,4.8221680793680175,1,0,0,0,0,0,0
610,0.07,0.0,0.03,865.0,865.0,600.0,594,790,0.21,0.62,261,0,460,7,0,5.3979400086720375,1,0,0,0,0,0,0
610,0.07,0.0,0.03,865.0,865.0,600.0,594,790,0.21,0.62,261,0,440,7,0,4.968949680981343,1,0,0,0,0,0,0
610,0.07,0.0,0.03,865.0,865.0,600.0,594,790,0.21,0.62,261,0,440,7,0,4.989449817666692,1,0,0,0,0,0,0
610,0.07,0.0,0.03,865.0,865.0,600.0,594,790,0.21,0.62,261,0,420,7,0,5.4281347940287885,1,0,0,0,0,0,0
610,0.07,0.0,0.03,865.0,865.0,600.0,594,790,0.21,0.62,261,0,420,7,0,6.845098040014257,1,0,0,0,0,0,0
610,0.07,0.0,0.03,865.0,865.0,600.0,594,790,0.21,0.62,261,0,400,7,0,5.559906625036112,1,0,0,0,0,0,0
610,0.07,0.0,0.03,865.0,865.0,600.0,594,790,0.21,0.62,261,0,400,7,0,5.61066016308988,1,0,0,0,0,0,0
610,0.07,0.0,0.03,865.0,865.0,600.0,594,790,0.21,0.62,261,0,400,7,0,5.712649701627211,1,0,0,0,0,0,0
610,0.07,0.0,0.03,865.0,865.0,600.0,594,790,0.21,0.62,261,0,400,7,1,7.326335860928752,1,0,0,0,0,0,0
610,0.07,0.0,0.03,865.0,865.0,600.0,594,790,0.21,0.62,261,0,380,7,0,5.770852011642144,1,0,0,0,0,0,0
610,0.07,0.0,0.03,865.0,865.0,600.0,594,790,0.21,0.62,261,0,380,7,0,5.883661435153617,1,0,0,0,0,0,0
610,0.07,0.0,0.03,865.0,865.0,600.0,594,790,0.21,0.62,261,0,380,7,0,5.981818607170664,1,0,0,0,0,0,0
610,0.07,0.0,0.03,865.0,865.0,600.0,594,790,0.21,0.62,261,0,380,7,1,7.326335860928752,1,0,0,0,0,0,0
610,0.07,0.0,0.03,865.0,865.0,600.0,594,790,0.21,0.62,261,0,360,7,1,7.326335860928752,1,0,0,0,0,0,0
610,0.07,0.0,0.03,865.0,865.0,600.0,594,790,0.21,0.62,261,0,360,7,1,7.326335860928752,1,0,0,0,0,0,0
610,0.07,0.0,0.03,865.0,865.0,600.0,594,790,0.21,0.62,261,0,360,7,1,7.326335860928752,1,0,0,0,0,0,0
825,0.08,0.0,0.0,865.0,865.0,600.0,534,720,0.22,0.68,230,0,450,23,0,4.870988813760575,1,0,0,0,0,0,0
825,0.08,0.0,0.0,865.0,865.0,600.0,534,720,0.22,0.68,230,0,450,23,0,5.045322978786658,1,0,0,0,0,0,0
825,0.08,0.0,0.0,865.0,865.0,600.0,534,720,0.22,0.68,230,0,440,23,0,5.093421685162235,1,0,0,0,0,0,0
825,0.08,0.0,0.0,865.0,865.0,600.0,534,720,0.22,0.68,230,0,440,23,0,5.12057393120585,1,0,0,0,0,0,0
825,0.08,0.0,0.0,865.0,865.0,600.0,534,720,0.22,0.68,230,0,430,23,0,5.041392685158225,1,0,0,0,0,0,0
825,0.08,0.0,0.0,865.0,865.0,600.0,534,720,0.22,0.68,230,0,430,23,0,5.298853076409706,1,0,0,0,0,0,0
825,0.08,0.0,0.0,865.0,865.0,600.0,534,720,0.22,0.68,230,0,420,23,0,5.354108439147401,1,0,0,0,0,0,0
825,0.08,0.0,0.0,865.0,865.0,600.0,534,720,0.22,0.68,230,0,420,23,0,5.511883360978874,1,0,0,0,0,0,0
825,0.08,0.0,0.0,865.0,865.0,600.0,534,720,0.22,0.68,230,0,410,23,0,4.913283901760418,1,0,0,0,0,0,0
825,0.08,0.0,0.0,865.0,865.0,600.0,534,720,0.22,0.68,230,0,410,23,0,5.222716471147583,1,0,0,0,0,0,0
825,0.08,0.0,0.0,865.0,865.0,600.0,534,720,0.22,0.68,230,0,410,23,0,5.826074802700826,1,0,0,0,0,0,0
825,0.08,0.0,0.0,865.0,865.0,600.0,534,720,0.22,0.68,230,0,400,23,0,5.161368002234975,1,0,0,0,0,0,0
825,0.08,0.0,0.0,865.0,865.0,600.0,534,720,0.22,0.68,230,0,400,23,0,5.644438589467838,1,0,0,0,0,0,0
825,0.08,0.0,0.0,865.0,865.0,600.0,534,720,0.22,0.68,230,0,400,23,0,6.064457989226918,1,0,0,0,0,0,0
825,0.08,0.0,0.0,865.0,865.0,600.0,534,720,0.22,0.68,230,0,390,23,0,5.910090545594068,1,0,0,0,0,0,0
825,0.08,0.0,0.0,865.0,865.0,600.0,534,720,0.22,0.68,230,0,390,23,0,5.919601023784111,1,0,0,0,0,0,0
825,0.08,0.0,0.0,865.0,865.0,600.0,534,720,0.22,0.68,230,0,390,23,0,6.071882007306125,1,0,0,0,0,0,0
825,0.08,0.0,0.0,865.0,865.0,600.0,534,720,0.22,0.68,230,0,380,23,0,6.056904851336473,1,0,0,0,0,0,0
825,0.08,0.0,0.0,865.0,865.0,600.0,534,720,0.22,0.68,230,0,380,23,1,7.326335860928752,1,0,0,0,0,0,0
825,0.08,0.0,0.0,865.0,865.0,600.0,534,720,0.22,0.68,230,0,380,23,1,7.326335860928752,1,0,0,0,0,0,0
825,0.08,0.0,0.0,865.0,865.0,600.0,534,720,0.22,0.68,230,0,370,23,0,5.457881896733992,1,0,0,0,0,0,0
825,0.08,0.0,0.0,865.0,865.0,600.0,534,720,0.22,0.68,230,0,370,23,1,7.326335860928752,1,0,0,0,0,0,0
825,0.08,0.0,0.0,865.0,865.0,600.0,534,720,0.22,0.68,230,0,370,23,1,7.326335860928752,1,0,0,0,0,0,0
610,0.06,0.01,0.01,865.0,865.0,600.0,668,830,0.2,0.59,262,0,490,1,0,4.9745116927373285,1,0,0,0,0,0,0
610,0.06,0.01,0.01,865.0,865.0,600.0,668,830,0.2,0.59,262,0,470,1,0,4.6739419986340875,1,0,0,0,0,0,0
610,0.06,0.01,0.01,865.0,865.0,600.0,668,830,0.2,0.59,262,0,470,1,0,5.359835482339888,1,0,0,0,0,0,0
610,0.06,0.01,0.01,865.0,865.0,600.0,668,830,0.2,0.59,262,0,450,1,0,4.945468585131819,1,0,0,0,0,0,0
610,0.06,0.01,0.01,865.0,865.0,600.0,668,830,0.2,0.59,262,0,450,1,0,5.012837224705172,1,0,0,0,0,0,0
610,0.06,0.01,0.01,865.0,865.0,600.0,668,830,0.2,0.59,262,0,450,1,0,5.469822015978163,1,0,0,0,0,0,0
610,0.06,0.01,0.01,865.0,865.0,600.0,668,830,0.2,0.59,262,0,440,1,0,5.1003705451175625,1,0,0,0,0,0,0
610,0.06,0.01,0.01,865.0,865.0,600.0,668,830,0.2,0.59,262,0,430,1,0,5.517195897949974,1,0,0,0,0,0,0
610,0.06,0.01,0.01,865.0,865.0,600.0,668,830,0.2,0.59,262,0,430,1,0,5.960470777534299,1,0,0,0,0,0,0
610,0.06,0.01,0.01,865.0,865.0,600.0,668,830,0.2,0.59,262,0,420,1,0,5.948412965778601,1,0,0,0,0,0,0
610,0.06,0.01,0.01,865.0,865.0,600.0,668,830,0.2,0.59,262,0,420,1,1,7.326335860928752,1,0,0,0,0,0,0
610,0.06,0.01,0.01,865.0,865.0,600.0,668,830,0.2,0.59,262,0,410,1,0,5.511883360978874,1,0,0,0,0,0,0
610,0.06,0.01,0.01,865.0,865.0,600.0,668,830,0.2,0.59,262,0,410,1,0,5.953759691733229,1,0,0,0,0,0,0
610,0.06,0.01,0.01,865.0,865.0,600.0,668,830,0.2,0.59,262,0,400,1,0,5.920123326290724,1,0,0,0,0,0,0
610,0.06,0.01,0.01,865.0,865.0,600.0,668,830,0.2,0.59,262,0,400,1,0,6.14921911265538,1,0,0,0,0,0,0
610,0.06,0.01,0.01,865.0,865.0,600.0,668,830,0.2,0.59,262,0,390,1,0,5.742725131304698,1,0,0,0,0,0,0
610,0.06,0.01,0.01,865.0,865.0,600.0,668,830,0.2,0.59,262,0,390,1,1,7.326335860928752,1,0,0,0,0,0,0
610,0.06,0.01,0.01,865.0,865.0,600.0,668,830,0.2,0.59,262,0,390,1,1,7.326335860928752,1,0,0,0,0,0,0
610,0.06,0.01,0.01,865.0,865.0,600.0,668,830,0.2,0.59,262,0,380,1,0,6.222716471147583,1,0,0,0,0,0,0
610,0.06,0.01,0.01,865.0,865.0,600.0,668,830,0.2,0.59,262,0,380,1,1,7.326335860928752,1,0,0,0,0,0,0
610,0.06,0.01,0.01,865.0,865.0,600.0,668,830,0.2,0.59,262,0,380,1,1,7.326335860928752,1,0,0,0,0,0,0
610,0.06,0.01,0.01,865.0,865.0,600.0,668,830,0.2,0.59,262,0,370,1,1,7.326335860928752,1,0,0,0,0,0,0
610,0.06,0.01,0.01,865.0,865.0,600.0,668,830,0.2,0.59,262,0,370,1,1,7.326335860928752,1,0,0,0,0,0,0
610,0.06,0.01,0.01,865.0,865.0,600.0,668,830,0.2,0.59,262,0,370,1,1,7.326335860928752,1,0,0,0,0,0,0
1270,0.08,0.02,0.0,865.0,865.0,600.0,635,778,0.21,0.69,258,0,490,32,0,4.93801909747621,1,0,0,0,0,0,0
1270,0.08,0.02,0.0,865.0,865.0,600.0,635,778,0.21,0.69,258,0,490,32,0,5.075546961392531,1,0,0,0,0,0,0
1270,0.08,0.02,0.0,865.0,865.0,600.0,635,778,0.21,0.69,258,0,480,32,0,4.846337112129805,1,0,0,0,0,0,0
1270,0.08,0.02,0.0,865.0,865.0,600.0,635,778,0.21,0.69,258,0,480,32,0,5.004321373782642,1,0,0,0,0,0,0
1270,0.08,0.02,0.0,865.0,865.0,600.0,635,778,0.21,0.69,258,0,470,32,0,5.193124598354461,1,0,0,0,0,0,0
1270,0.08,0.02,0.0,865.0,865.0,600.0,635,778,0.21,0.69,258,0,470,32,0,5.227886704613674,1,0,0,0,0,0,0
1270,0.08,0.02,0.0,865.0,865.0,600.0,635,778,0.21,0.69,258,0,460,32,0,5.346352974450639,1,0,0,0,0,0,0
1270,0.08,0.02,0.0,865.0,865.0,600.0,635,778,0.21,0.69,258,0,460,32,0,5.469822015978163,1,0,0,0,0,0,0
1270,0.08,0.02,0.0,865.0,865.0,600.0,635,778,0.21,0.69,258,0,450,32,0,5.296665190261531,1,0,0,0,0,0,0
1270,0.08,0.02,0.0,865.0,865.0,600.0,635,778,0.21,0.69,258,0,450,32,0,5.385606273598312,1,0,0,0,0,0,0
1270,0.08,0.02,0.0,865.0,865.0,600.0,635,778,0.21,0.69,258,0,440,32,0,5.409933123331294,1,0,0,0,0,0,0
1270,0.08,0.02,0.0,865.0,865.0,600.0,635,778,0.21,0.69,258,0,440,32,0,5.556302500767287,1,0,0,0,0,0,0
1270,0.08,0.02,0.0,865.0,865.0,600.0,635,778,0.21,0.69,258,0,440,32,0,5.588831725594207,1,0,0,0,0,0,0
1270,0.08,0.02,0.0,865.0,865.0,600.0,635,778,0.21,0.69,258,0,430,32,0,5.781755374652469,1,0,0,0,0,0,0
1270,0.08,0.02,0.0,865.0,865.0,600.0,635,778,0.21,0.69,258,0,430,32,0,5.842609239610562,1,0,0,0,0,0,0
1270,0.08,0.02,0.0,865.0,865.0,600.0,635,778,0.21,0.69,258,0,430,32,0,5.920645001406788,1,0,0,0,0,0,0
1270,0.08,0.02,0.0,865.0,865.0,600.0,635,778,0.21,0.69,258,0,420,32,1,7.326335860928752,1,0,0,0,0,0,0
1270,0.08,0.02,0.0,865.0,865.0,600.0,635,778,0.21,0.69,258,0,420,32,1,7.326335860928752,1,0,0,0,0,0,0
1270,0.08,0.02,0.0,865.0,865.0,600.0,635,778,0.21,0.69,258,0,420,32,1,7.326335860928752,1,0,0,0,0,0,0
1740,0.06,0.0,0.0,865.0,865.0,600.0,589,748,0.22,0.68,248,0,450,38,0,4.608526033577194,1,0,0,0,0,0,0
1740,0.06,0.0,0.0,865.0,865.0,600.0,589,748,0.22,0.68,248,0,450,38,0,4.899820502427096,1,0,0,0,0,0,0
1740,0.06,0.0,0.0,865.0,865.0,600.0,589,748,0.22,0.68,248,0,440,38,0,5.012837224705172,1,0,0,0,0,0,0
1740,0.06,0.0,0.0,865.0,865.0,600.0,589,748,0.22,0.68,248,0,440,38,0,5.1673173347481764,1,0,0,0,0,0,0
1740,0.06,0.0,0.0,865.0,865.0,600.0,589,748,0.22,0.68,248,0,430,38,0,5.332438459915605,1,0,0,0,0,0,0
1740,0.06,0.0,0.0,865.0,865.0,600.0,589,748,0.22,0.68,248,0,430,38,0,5.419955748489758,1,0,0,0,0,0,0
1740,0.06,0.0,0.0,865.0,865.0,600.0,589,748,0.22,0.68,248,0,420,38,0,5.487138375477186,1,0,0,0,0,0,0
1740,0.06,0.0,0.0,865.0,865.0,600.0,589,748,0.22,0.68,248,0,420,38,0,5.619093330626742,1,0,0,0,0,0,0
1740,0.06,0.0,0.0,865.0,865.0,600.0,589,748,0.22,0.68,248,0,410,38,0,5.569373909615046,1,0,0,0,0,0,0
1740,0.06,0.0,0.0,865.0,865.0,600.0,589,748,0.22,0.68,248,0,410,38,0,5.781755374652469,1,0,0,0,0,0,0
1740,0.06,0.0,0.0,865.0,865.0,600.0,589,748,0.22,0.68,248,0,400,38,0,5.6785183790401135,1,0,0,0,0,0,0
1740,0.06,0.0,0.0,865.0,865.0,600.0,589,748,0.22,0.68,248,0,400,38,0,6.05307844348342,1,0,0,0,0,0,0
1740,0.06,0.0,0.0,865.0,865.0,600.0,589,748,0.22,0.68,248,0,400,38,0,6.309630167425898,1,0,0,0,0,0,0
1740,0.06,0.0,0.0,865.0,865.0,600.0,589,748,0.22,0.68,248,0,390,38,1,7.187520720836463,1,0,0,0,0,0,0
1740,0.06,0.0,0.0,865.0,865.0,600.0,589,748,0.22,0.68,248,0,390,38,1,7.326335860928752,1,0,0,0,0,0,0
1740,0.06,0.0,0.0,865.0,865.0,600.0,589,748,0.22,0.68,248,0,390,38,1,7.326335860928752,1,0,0,0,0,0,0
1740,0.06,0.0,0.0,865.0,865.0,600.0,589,748,0.22,0.68,248,0,380,38,1,7.326335860928752,1,0,0,0,0,0,0
1740,0.06,0.0,0.0,865.0,865.0,600.0,589,748,0.22,0.68,248,0,380,38,1,7.326335860928752,1,0,0,0,0,0,0
1740,0.06,0.0,0.0,865.0,865.0,600.0,589,748,0.22,0.68,248,0,380,38,1,7.326335860928752,1,0,0,0,0,0,0
1270,0.13,0.01,0.0,865.0,865.0,600.0,586,763,0.24,0.69,251,0,460,35,0,4.790988475088816,1,0,0,0,0,0,0
1270,0.13,0.01,0.0,865.0,865.0,600.0,586,763,0.24,0.69,251,0,460,35,0,4.8267225201689925,1,0,0,0,0,0,0
1270,0.13,0.01,0.0,865.0,865.0,600.0,586,763,0.24,0.69,251,0,450,35,0,5.045322978786658,1,0,0,0,0,0,0
1270,0.13,0.01,0.0,865.0,865.0,600.0,586,763,0.24,0.69,251,0,450,35,0,5.056904851336473,1,0,0,0,0,0,0
1270,0.13,0.01,0.0,865.0,865.0,600.0,586,763,0.24,0.69,251,0,440,35,0,4.979092900638326,1,0,0,0,0,0,0
1270,0.13,0.01,0.0,865.0,865.0,600.0,586,763,0.24,0.69,251,0,440,35,0,5.576341350205793,1,0,0,0,0,0,0
1270,0.13,0.01,0.0,865.0,865.0,600.0,586,763,0.24,0.69,251,0,430,35,0,5.3404441148401185,1,0,0,0,0,0,0
1270,0.13,0.01,0.0,865.0,865.0,600.0,586,763,0.24,0.69,251,0,430,35,0,5.5301996982030825,1,0,0,0,0,0,0
1270,0.13,0.01,0.0,865.0,865.0,600.0,586,763,0.24,0.69,251,0,420,35,0,5.45484486000851,1,0,0,0,0,0,0
1270,0.13,0.01,0.0,865.0,865.0,600.0,586,763,0.24,0.69,251,0,420,35,0,5.861534410859038,1,0,0,0,0,0,0
1270,0.13,0.01,0.0,865.0,865.0,600.0,586,763,0.24,0.69,251,0,410,35,0,5.7363965022766426,1,0,0,0,0,0,0
1270,0.13,0.01,0.0,865.0,865.0,600.0,586,763,0.24,0.69,251,0,410,35,0,5.781036938621132,1,0,0,0,0,0,0
1270,0.13,0.01,0.0,865.0,865.0,600.0,586,763,0.24,0.69,251,0,410,35,0,5.8169038393756605,1,0,0,0,0,0,0
1270,0.13,0.01,0.0,865.0,865.0,600.0,586,763,0.24,0.69,251,0,400,35,0,6.093421685162235,1,0,0,0,0,0,0
1270,0.13,0.01,0.0,865.0,865.0,600.0,586,763,0.24,0.69,251,0,400,35,0,6.096910013008056,1,0,0,0,0,0,0
1270,0.13,0.01,0.0,865.0,865.0,600.0,586,763,0.24,0.69,251,0,400,35,0,6.110589710299249,1,0,0,0,0,0,0
1270,0.13,0.01,0.0,865.0,865.0,600.0,586,763,0.24,0.69,251,0,390,35,0,6.049218022670182,1,0,0,0,0,0,0
1270,0.13,0.01,0.0,865.0,865.0,600.0,586,763,0.24,0.69,251,0,390,35,1,7.326335860928752,1,0,0,0,0,0,0
1270,0.13,0.01,0.0,865.0,865.0,600.0,586,763,0.24,0.69,251,0,390,35,1,7.326335860928752,1,0,0,0,0,0,0
825,0.07,0.04,0.0,865.0,865.0,600.0,523,722,0.22,0.68,227,0,440,20,0,4.665580991017953,1,0,0,0,0,0,0
825,0.07,0.04,0.0,865.0,865.0,600.0,523,722,0.22,0.68,227,0,440,20,0,4.710117365111817,1,0,0,0,0,0,0
825,0.07,0.04,0.0,865.0,865.0,600.0,523,722,0.22,0.68,227,0,420,20,0,5.1303337684950066,1,0,0,0,0,0,0
825,0.07,0.04,0.0,865.0,865.0,600.0,523,722,0.22,0.68,227,0,420,20,0,5.315970345456917,1,0,0,0,0,0,0
825,0.07,0.04,0.0,865.0,865.0,600.0,523,722,0.22,0.68,227,0,410,20,0,5.190331698170292,1,0,0,0,0,0,0
825,0.07,0.04,0.0,865.0,865.0,600.0,523,722,0.22,0.68,227,0,410,20,0,5.292256071356476,1,0,0,0,0,0,0
825,0.07,0.04,0.0,865.0,865.0,600.0,523,722,0.22,0.68,227,0,400,20,0,5.418301291319746,1,0,0,0,0,0,0
825,0.07,0.04,0.0,865.0,865.0,600.0,523,722,0.22,0.68,227,0,400,20,0,5.53655844257153,1,0,0,0,0,0,0
825,0.07,0.04,0.0,865.0,865.0,600.0,523,722,0.22,0.68,227,0,390,20,0,5.567026366159061,1,0,0,0,0,0,0
825,0.07,0.04,0.0,865.0,865.0,600.0,523,722,0.22,0.68,227,0,390,20,0,5.718501688867274,1,0,0,0,0,0,0
825,0.07,0.04,0.0,865.0,865.0,600.0,523,722,0.22,0.68,227,0,380,20,0,5.706717782336758,1,0,0,0,0,0,0
825,0.07,0.04,0.0,865.0,865.0,600.0,523,722,0.22,0.68,227,0,380,20,0,5.917505509552547,1,0,0,0,0,0,0
825,0.07,0.04,0.0,865.0,865.0,600.0,523,722,0.22,0.68,227,0,380,20,1,7.214843848047698,1,0,0,0,0,0,0
825,0.07,0.04,0.0,865.0,865.0,600.0,523,722,0.22,0.68,227,0,370,20,0,6.021189299069938,1,0,0,0,0,0,0
825,0.07,0.04,0.0,865.0,865.0,600.0,523,722,0.22,0.68,227,0,370,20,1,7.326335860928752,1,0,0,0,0,0,0
825,0.07,0.04,0.0,865.0,865.0,600.0,523,722,0.22,0.68,227,0,370,20,1,7.326335860928752,1,0,0,0,0,0,0
825,0.07,0.04,0.0,865.0,865.0,600.0,523,722,0.22,0.68,227,0,360,20,1,7.326335860928752,1,0,0,0,0,0,0
825,0.07,0.04,0.0,865.0,865.0,600.0,523,722,0.22,0.68,227,0,360,20,1,7.326335860928752,1,0,0,0,0,0,0
825,0.07,0.04,0.0,865.0,865.0,600.0,523,722,0.22,0.68,227,0,360,20,1,7.326335860928752,1,0,0,0,0,0,0
1740,0.1,0.0,0.0,865.0,865.0,600.0,574,776,0.23,0.67,246,0,470,47,0,4.619093330626742,1,0,0,0,0,0,0
1740,0.1,0.0,0.0,865.0,865.0,600.0,574,776,0.23,0.67,246,0,470,47,0,4.635483746814912,1,0,0,0,0,0,0
1740,0.1,0.0,0.0,865.0,865.0,600.0,574,776,0.23,0.67,246,0,450,47,0,4.86569605991607,1,0,0,0,0,0,0
1740,0.1,0.0,0.0,865.0,865.0,600.0,574,776,0.23,0.67,246,0,450,47,0,5.08278537031645,1,0,0,0,0,0,0
1740,0.1,0.0,0.0,865.0,865.0,600.0,574,776,0.23,0.67,246,0,440,47,0,5.139879086401237,1,0,0,0,0,0,0
1740,0.1,0.0,0.0,865.0,865.0,600.0,574,776,0.23,0.67,246,0,440,47,0,5.161368002234975,1,0,0,0,0,0,0
1740,0.1,0.0,0.0,865.0,865.0,600.0,574,776,0.23,0.67,246,0,430,47,0,5.133538908370218,1,0,0,0,0,0,0
1740,0.1,0.0,0.0,865.0,865.0,600.0,574,776,0.23,0.67,246,0,430,47,0,5.338456493604605,1,0,0,0,0,0,0
1740,0.1,0.0,0.0,865.0,865.0,600.0,574,776,0.23,0.67,246,0,420,47,0,5.47567118832443,1,0,0,0,0,0,0
1740,0.1,0.0,0.0,865.0,865.0,600.0,574,776,0.23,0.67,246,0,420,47,0,5.501059262217751,1,0,0,0,0,0,0
1740,0.1,0.0,0.0,865.0,865.0,600.0,574,776,0.23,0.67,246,0,410,47,0,5.4996870826184034,1,0,0,0,0,0,0
1740,0.1,0.0,0.0,865.0,865.0,600.0,574,776,0.23,0.67,246,0,410,47,0,5.99563519459755,1,0,0,0,0,0,0
1740,0.1,0.0,0.0,865.0,865.0,600.0,574,776,0.23,0.67,246,0,400,47,0,5.784617292632875,1,0,0,0,0,0,0
1740,0.1,0.0,0.0,865.0,865.0,600.0,574,776,0.23,0.67,246,0,400,47,0,5.885361220031512,1,0,0,0,0,0,0
1740,0.1,0.0,0.0,865.0,865.0,600.0,574,776,0.23,0.67,246,0,400,47,0,6.012837224705172,1,0,0,0,0,0,0
1740,0.1,0.0,0.0,865.0,865.0,600.0,574,776,0.23,0.67,246,0,390,47,0,5.99211148778695,1,0,0,0,0,0,0
1740,0.1,0.0,0.0,865.0,865.0,600.0,574,776,0.23,0.67,246,0,390,47,1,7.326335860928752,1,0,0,0,0,0,0
1740,0.1,0.0,0.0,865.0,865.0,600.0,574,776,0.23,0.67,246,0,390,47,1,7.326335860928752,1,0,0,0,0,0,0
1740,0.1,0.0,0.0,865.0,865.0,600.0,574,776,0.23,0.67,246,0,380,47,0,5.971739590887778,1,0,0,0,0,0,0
1740,0.1,0.0,0.0,865.0,865.0,600.0,574,776,0.23,0.67,246,0,380,47,1,7.326335860928752,1,0,0,0,0,0,0
1740,0.1,0.0,0.0,865.0,865.0,600.0,574,776,0.23,0.67,246,0,380,47,1,7.326335860928752,1,0,0,0,0,0,0
1270,0.07,0.02,0.0,865.0,865.0,650.0,548,736,0.25,0.7,249,0,430,28,0,4.396199347095736,1,0,0,0,0,0,0
1270,0.07,0.02,0.0,865.0,865.0,650.0,548,736,0.25,0.7,249,0,430,28,0,4.823474229170301,1,0,0,0,0,0,0
1270,0.07,0.02,0.0,865.0,865.0,650.0,548,736,0.25,0.7,249,0,420,28,0,4.977723605288848,1,0,0,0,0,0,0
1270,0.07,0.02,0.0,865.0,865.0,650.0,548,736,0.25,0.7,249,0,420,28,0,5.2878017299302265,1,0,0,0,0,0,0
1270,0.07,0.02,0.0,865.0,865.0,650.0,548,736,0.25,0.7,249,0,410,28,0,5.146128035678238,1,0,0,0,0,0,0
1270,0.07,0.02,0.0,865.0,865.0,650.0,548,736,0.25,0.7,249,0,410,28,0,5.227886704613674,1,0,0,0,0,0,0
1270,0.07,0.02,0.0,865.0,865.0,650.0,548,736,0.25,0.7,249,0,400,28,0,4.943494515906103,1,0,0,0,0,0,0
1270,0.07,0.02,0.0,865.0,865.0,650.0,548,736,0.25,0.7,249,0,400,28,0,5.3222192947339195,1,0,0,0,0,0,0
1270,0.07,0.02,0.0,865.0,865.0,650.0,548,736,0.25,0.7,249,0,390,28,0,5.14921911265538,1,0,0,0,0,0,0
1270,0.07,0.02,0.0,865.0,865.0,650.0,548,736,0.25,0.7,249,0,390,28,0,5.644438589467838,1,0,0,0,0,0,0
1270,0.07,0.02,0.0,865.0,865.0,650.0,548,736,0.25,0.7,249,0,380,28,0,4.997823080745725,1,0,0,0,0,0,0
1270,0.07,0.02,0.0,865.0,865.0,650.0,548,736,0.25,0.7,249,0,380,28,0,5.898176483497677,1,0,0,0,0,0,0
1270,0.07,0.02,0.0,865.0,865.0,650.0,548,736,0.25,0.7,249,0,370,28,0,6.021189299069938,1,0,0,0,0,0,0
1270,0.07,0.02,0.0,865.0,865.0,650.0,548,736,0.25,0.7,249,0,370,28,1,7.311753861055754,1,0,0,0,0,0,0
1270,0.07,0.02,0.0,865.0,865.0,650.0,548,736,0.25,0.7,249,0,370,28,1,7.326335860928752,1,0,0,0,0,0,0
1270,0.07,0.02,0.0,865.0,865.0,650.0,548,736,0.25,0.7,249,0,360,28,0,5.8926510338773,1,0,0,0,0,0,0
1270,0.07,0.02,0.0,865.0,865.0,650.0,548,736,0.25,0.7,249,0,360,28,1,7.326335860928752,1,0,0,0,0,0,0
1270,0.07,0.02,0.0,865.0,865.0,650.0,548,736,0.25,0.7,249,0,360,28,1,7.326335860928752,1,0,0,0,0,0,0
1270,0.07,0.02,0.0,865.0,865.0,650.0,548,736,0.25,0.7,249,0,350,28,1,7.326335860928752,1,0,0,0,0,0,0
1270,0.07,0.02,0.0,865.0,865.0,650.0,548,736,0.25,0.7,249,0,350,28,1,7.326335860928752,1,0,0,0,0,0,0
1270,0.07,0.02,0.0,865.0,865.0,650.0,548,736,0.25,0.7,249,0,350,28,1,7.326335860928752,1,0,0,0,0,0,0
610,0.07,0.0,0.03,865.0,865.0,650.0,594,790,0.21,0.62,261,0,460,8,0,4.682145076373832,1,0,0,0,0,0,0
610,0.07,0.0,0.03,865.0,865.0,650.0,594,790,0.21,0.62,261,0,440,8,0,4.431363764158987,1,0,0,0,0,0,0
610,0.07,0.0,0.03,865.0,865.0,650.0,594,790,0.21,0.62,261,0,440,8,0,5.060697840353612,1,0,0,0,0,0,0
610,0.07,0.0,0.03,865.0,865.0,650.0,594,790,0.21,0.62,261,0,420,8,0,4.8444771757456815,1,0,0,0,0,0,0
610,0.07,0.0,0.03,865.0,865.0,650.0,594,790,0.21,0.62,261,0,420,8,0,5.620136054973758,1,0,0,0,0,0,0
610,0.07,0.0,0.03,865.0,865.0,650.0,594,790,0.21,0.62,261,0,410,8,0,5.012837224705172,1,0,0,0,0,0,0
610,0.07,0.0,0.03,865.0,865.0,650.0,594,790,0.21,0.62,261,0,400,8,0,5.107209969647869,1,0,0,0,0,0,0
610,0.07,0.0,0.03,865.0,865.0,650.0,594,790,0.21,0.62,261,0,400,8,0,5.725911632295048,1,0,0,0,0,0,0
610,0.07,0.0,0.03,865.0,865.0,650.0,594,790,0.21,0.62,261,0,390,8,0,5.47567118832443,1,0,0,0,0,0,0
610,0.07,0.0,0.03,865.0,865.0,650.0,594,790,0.21,0.62,261,0,390,8,0,6.201397124320452,1,0,0,0,0,0,0
610,0.07,0.0,0.03,865.0,865.0,650.0,594,790,0.21,0.62,261,0,380,8,0,5.532754378992498,1,0,0,0,0,0,0
610,0.07,0.0,0.03,865.0,865.0,650.0,594,790,0.21,0.62,261,0,380,8,1,7.324282455297693,1,0,0,0,0,0,0
610,0.07,0.0,0.03,865.0,865.0,650.0,594,790,0.21,0.62,261,0,370,8,0,5.611723308007342,1,0,0,0,0,0,0
610,0.07,0.0,0.03,865.0,865.0,650.0,594,790,0.21,0.62,261,0,370,8,0,5.758911892397974,1,0,0,0,0,0,0
610,0.07,0.0,0.03,865.0,865.0,650.0,594,790,0.21,0.62,261,0,360,8,0,6.008600171761918,1,0,0,0,0,0,0
610,0.07,0.0,0.03,865.0,865.0,650.0,594,790,0.21,0.62,261,0,360,8,0,6.017033339298781,1,0,0,0,0,0,0
610,0.07,0.0,0.03,865.0,865.0,650.0,594,790,0.21,0.62,261,0,350,8,0,6.012837224705172,1,0,0,0,0,0,0
610,0.07,0.0,0.03,865.0,865.0,650.0,594,790,0.21,0.62,261,0,350,8,0,6.547774705387822,1,0,0,0,0,0,0
610,0.07,0.0,0.03,865.0,865.0,650.0,594,790,0.21,0.62,261,0,340,8,0,6.056904851336473,1,0,0,0,0,0,0
610,0.07,0.0,0.03,865.0,865.0,650.0,594,790,0.21,0.62,261,0,340,8,0,6.267171728403014,1,0,0,0,0,0,0
610,0.07,0.0,0.03,865.0,865.0,650.0,594,790,0.21,0.62,261,0,330,8,0,6.348304863048161,1,0,0,0,0,0,0
610,0.07,0.0,0.03,865.0,865.0,650.0,594,790,0.21,0.62,261,0,330,8,1,7.326335860928752,1,0,0,0,0,0,0
610,0.07,0.0,0.03,865.0,865.0,650.0,594,790,0.21,0.62,261,0,330,8,1,7.326335860928752,1,0,0,0,0,0,0
825,0.08,0.0,0.0,865.0,865.0,650.0,534,720,0.22,0.68,230,0,410,24,0,4.96189547366785,1,0,0,0,0,0,0
825,0.08,0.0,0.0,865.0,865.0,650.0,534,720,0.22,0.68,230,0,410,24,0,4.977723605288848,1,0,0,0,0,0,0
825,0.08,0.0,0.0,865.0,865.0,650.0,534,720,0.22,0.68,230,0,400,24,0,4.781755374652469,1,0,0,0,0,0,0
825,0.08,0.0,0.0,865.0,865.0,650.0,534,720,0.22,0.68,230,0,400,24,0,5.494154594018442,1,0,0,0,0,0,0
825,0.08,0.0,0.0,865.0,865.0,650.0,534,720,0.22,0.68,230,0,390,24,0,5.123851640967086,1,0,0,0,0,0,0
825,0.08,0.0,0.0,865.0,865.0,650.0,534,720,0.22,0.68,230,0,390,24,0,5.324282455297693,1,0,0,0,0,0,0
825,0.08,0.0,0.0,865.0,865.0,650.0,534,720,0.22,0.68,230,0,390,24,0,5.389166084364533,1,0,0,0,0,0,0
825,0.08,0.0,0.0,865.0,865.0,650.0,534,720,0.22,0.68,230,0,380,24,0,5.545307116465824,1,0,0,0,0,0,0
825,0.08,0.0,0.0,865.0,865.0,650.0,534,720,0.22,0.68,230,0,380,24,0,5.741151598851785,1,0,0,0,0,0,0
825,0.08,0.0,0.0,865.0,865.0,650.0,534,720,0.22,0.68,230,0,370,24,0,5.447158031342219,1,0,0,0,0,0,0
825,0.08,0.0,0.0,865.0,865.0,650.0,534,720,0.22,0.68,230,0,370,24,0,6.318063334962762,1,0,0,0,0,0,0
825,0.08,0.0,0.0,865.0,865.0,650.0,534,720,0.22,0.68,230,0,370,24,1,7.326335860928752,1,0,0,0,0,0,0
825,0.08,0.0,0.0,865.0,865.0,650.0,534,720,0.22,0.68,230,0,360,24,0,5.907948521612273,1,0,0,0,0,0,0
825,0.08,0.0,0.0,865.0,865.0,650.0,534,720,0.22,0.68,230,0,360,24,1,7.326335860928752,1,0,0,0,0,0,0
825,0.08,0.0,0.0,865.0,865.0,650.0,534,720,0.22,0.68,230,0,360,24,1,7.326335860928752,1,0,0,0,0,0,0
825,0.08,0.0,0.0,865.0,865.0,650.0,534,720,0.22,0.68,230,0,350,24,0,6.033423755486949,1,0,0,0,0,0,0
825,0.08,0.0,0.0,865.0,865.0,650.0,534,720,0.22,0.68,230,0,350,24,1,7.326335860928752,1,0,0,0,0,0,0
825,0.08,0.0,0.0,865.0,865.0,650.0,534,720,0.22,0.68,230,0,350,24,1,7.326335860928752,1,0,0,0,0,0,0
825,0.08,0.0,0.0,865.0,865.0,650.0,534,720,0.22,0.68,230,0,340,24,1,7.326335860928752,1,0,0,0,0,0,0
825,0.08,0.0,0.0,865.0,865.0,650.0,534,720,0.22,0.68,230,0,340,24,1,7.326335860928752,1,0,0,0,0,0,0
825,0.08,0.0,0.0,865.0,865.0,650.0,534,720,0.22,0.68,230,0,340,24,1,7.326335860928752,1,0,0,0,0,0,0
610,0.06,0.01,0.01,865.0,865.0,650.0,668,830,0.2,0.59,262,0,460,2,0,4.594392550375427,1,0,0,0,0,0,0
610,0.06,0.01,0.01,865.0,865.0,650.0,668,830,0.2,0.59,262,0,440,2,0,5.250420002308894,1,0,0,0,0,0,0
610,0.06,0.01,0.01,865.0,865.0,650.0,668,830,0.2,0.59,262,0,420,2,0,4.8819549713396,1,0,0,0,0,0,0
610,0.06,0.01,0.01,865.0,865.0,650.0,668,830,0.2,0.59,262,0,420,2,0,5.453318340047038,1,0,0,0,0,0,0
610,0.06,0.01,0.01,865.0,865.0,650.0,668,830,0.2,0.59,262,0,410,2,0,5.060697840353612,1,0,0,0,0,0,0
610,0.06,0.01,0.01,865.0,865.0,650.0,668,830,0.2,0.59,262,0,410,2,0,5.290034611362518,1,0,0,0,0,0,0
610,0.06,0.01,0.01,865.0,865.0,650.0,668,830,0.2,0.59,262,0,400,2,0,5.2405492482825995,1,0,0,0,0,0,0
610,0.06,0.01,0.01,865.0,865.0,650.0,668,830,0.2,0.59,262,0,400,2,0,5.549003262025788,1,0,0,0,0,0,0
610,0.06,0.01,0.01,865.0,865.0,650.0,668,830,0.2,0.59,262,0,390,2,0,5.474216264076255,1,0,0,0,0,0,0
610,0.06,0.01,0.01,865.0,865.0,650.0,668,830,0.2,0.59,262,0,390,2,0,6.1702617153949575,1,0,0,0,0,0,0
610,0.06,0.01,0.01,865.0,865.0,650.0,668,830,0.2,0.59,262,0,380,2,0,5.661812685537261,1,0,0,0,0,0,0
610,0.06,0.01,0.01,865.0,865.0,650.0,668,830,0.2,0.59,262,0,380,2,0,5.724275869600789,1,0,0,0,0,0,0
610,0.06,0.01,0.01,865.0,865.0,650.0,668,830,0.2,0.59,262,0,380,2,0,6.232996110392154,1,0,0,0,0,0,0
610,0.06,0.01,0.01,865.0,865.0,650.0,668,830,0.2,0.59,262,0,370,2,0,5.846955325019824,1,0,0,0,0,0,0
610,0.06,0.01,0.01,865.0,865.0,650.0,668,830,0.2,0.59,262,0,370,2,0,6.20682587603185,1,0,0,0,0,0,0
610,0.06,0.01,0.01,865.0,865.0,650.0,668,830,0.2,0.59,262,0,370,2,1,7.326335860928752,1,0,0,0,0,0,0
610,0.06,0.01,0.01,865.0,865.0,650.0,668,830,0.2,0.59,262,0,370,2,1,7.326335860928752,1,0,0,0,0,0,0
610,0.06,0.01,0.01,865.0,865.0,650.0,668,830,0.2,0.59,262,0,360,2,0,5.807535028068854,1,0,0,0,0,0,0
610,0.06,0.01,0.01,865.0,865.0,650.0,668,830,0.2,0.59,262,0,360,2,0,6.041392685158225,1,0,0,0,0,0,0
610,0.06,0.01,0.01,865.0,865.0,650.0,668,830,0.2,0.59,262,0,360,2,1,7.326335860928752,1,0,0,0,0,0,0
610,0.06,0.01,0.01,865.0,865.0,650.0,668,830,0.2,0.59,262,0,350,2,0,6.209515014542631,1,0,0,0,0,0,0
610,0.06,0.01,0.01,865.0,865.0,650.0,668,830,0.2,0.59,262,0,350,2,1,7.326335860928752,1,0,0,0,0,0,0
610,0.06,0.01,0.01,865.0,865.0,650.0,668,830,0.2,0.59,262,0,350,2,1,7.326335860928752,1,0,0,0,0,0,0
1270,0.08,0.02,0.0,865.0,865.0,650.0,635,778,0.21,0.69,258,0,450,33,0,4.747411807886423,1,0,0,0,0,0,0
1270,0.08,0.02,0.0,865.0,865.0,650.0,635,778,0.21,0.69,258,0,450,33,0,5.037426497940624,1,0,0,0,0,0,0
1270,0.08,0.02,0.0,865.0,865.0,650.0,635,778,0.21,0.69,258,0,440,33,0,5.075546961392531,1,0,0,0,0,0,0
1270,0.08,0.02,0.0,865.0,865.0,650.0,635,778,0.21,0.69,258,0,440,33,0,5.230448921378274,1,0,0,0,0,0,0
1270,0.08,0.02,0.0,865.0,865.0,650.0,635,778,0.21,0.69,258,0,430,33,0,5.0,1,0,0,0,0,0,0
1270,0.08,0.02,0.0,865.0,865.0,650.0,635,778,0.21,0.69,258,0,430,33,0,5.227886704613674,1,0,0,0,0,0,0
1270,0.08,0.02,0.0,865.0,865.0,650.0,635,778,0.21,0.69,258,0,420,33,0,5.303196057420489,1,0,0,0,0,0,0
1270,0.08,0.02,0.0,865.0,865.0,650.0,635,778,0.21,0.69,258,0,420,33,0,5.525044807036846,1,0,0,0,0,0,0
1270,0.08,0.02,0.0,865.0,865.0,650.0,635,778,0.21,0.69,258,0,410,33,0,5.52244423350632,1,0,0,0,0,0,0
1270,0.08,0.02,0.0,865.0,865.0,650.0,635,778,0.21,0.69,258,0,410,33,0,5.720985744153739,1,0,0,0,0,0,0
1270,0.08,0.02,0.0,865.0,865.0,650.0,635,778,0.21,0.69,258,0,400,33,0,5.2405492482825995,1,0,0,0,0,0,0
1270,0.08,0.02,0.0,865.0,865.0,650.0,635,778,0.21,0.69,258,0,400,33,0,5.676693609624866,1,0,0,0,0,0,0
1270,0.08,0.02,0.0,865.0,865.0,650.0,635,778,0.21,0.69,258,0,400,33,0,5.850646235183066,1,0,0,0,0,0,0
1270,0.08,0.02,0.0,865.0,865.0,650.0,635,778,0.21,0.69,258,0,390,33,0,5.895974732359065,1,0,0,0,0,0,0
1270,0.08,0.02,0.0,865.0,865.0,650.0,635,778,0.21,0.69,258,0,390,33,0,6.283301228703549,1,0,0,0,0,0,0
1270,0.08,0.02,0.0,865.0,865.0,650.0,635,778,0.21,0.69,258,0,390,33,0,6.357934847000454,1,0,0,0,0,0,0
1270,0.08,0.02,0.0,865.0,865.0,650.0,635,778,0.21,0.69,258,0,380,33,1,7.326335860928752,1,0,0,0,0,0,0
1270,0.08,0.02,0.0,865.0,865.0,650.0,635,778,0.21,0.69,258,0,380,33,1,7.326335860928752,1,0,0,0,0,0,0
1270,0.08,0.02,0.0,865.0,865.0,650.0,635,778,0.21,0.69,258,0,380,33,1,7.326335860928752,1,0,0,0,0,0,0
1740,0.06,0.0,0.0,865.0,865.0,650.0,589,748,0.22,0.68,248,0,410,39,0,4.922206277439017,1,0,0,0,0,0,0
1740,0.06,0.0,0.0,865.0,865.0,650.0,589,748,0.22,0.68,248,0,410,39,0,4.9614210940664485,1,0,0,0,0,0,0
1740,0.06,0.0,0.0,865.0,865.0,650.0,589,748,0.22,0.68,248,0,400,39,0,5.252853030979893,1,0,0,0,0,0,0
1740,0.06,0.0,0.0,865.0,865.0,650.0,589,748,0.22,0.68,248,0,400,39,0,5.303196057420489,1,0,0,0,0,0,0
1740,0.06,0.0,0.0,865.0,865.0,650.0,589,748,0.22,0.68,248,0,390,39,0,5.318063334962762,1,0,0,0,0,0,0
1740,0.06,0.0,0.0,865.0,865.0,650.0,589,748,0.22,0.68,248,0,390,39,0,5.526339277389844,1,0,0,0,0,0,0
1740,0.06,0.0,0.0,865.0,865.0,650.0,589,748,0.22,0.68,248,0,380,39,0,5.565847818673518,1,0,0,0,0,0,0
1740,0.06,0.0,0.0,865.0,865.0,650.0,589,748,0.22,0.68,248,0,380,39,0,5.8750612633917,1,0,0,0,0,0,0
1740,0.06,0.0,0.0,865.0,865.0,650.0,589,748,0.22,0.68,248,0,370,39,0,5.748962861256161,1,0,0,0,0,0,0
1740,0.06,0.0,0.0,865.0,865.0,650.0,589,748,0.22,0.68,248,0,370,39,0,6.155336037465061,1,0,0,0,0,0,0
1740,0.06,0.0,0.0,865.0,865.0,650.0,589,748,0.22,0.68,248,0,360,39,0,6.117271295655764,1,0,0,0,0,0,0
1740,0.06,0.0,0.0,865.0,865.0,650.0,589,748,0.22,0.68,248,0,360,39,0,6.675778341674085,1,0,0,0,0,0,0
1740,0.06,0.0,0.0,865.0,865.0,650.0,589,748,0.22,0.68,248,0,350,39,0,6.382017042574868,1,0,0,0,0,0,0
1740,0.06,0.0,0.0,865.0,865.0,650.0,589,748,0.22,0.68,248,0,350,39,1,7.324282455297693,1,0,0,0,0,0,0
1740,0.06,0.0,0.0,865.0,865.0,650.0,589,748,0.22,0.68,248,0,350,39,1,7.324282455297693,1,0,0,0,0,0,0
1740,0.06,0.0,0.0,865.0,865.0,650.0,589,748,0.22,0.68,248,0,340,39,0,6.600972895686748,1,0,0,0,0,0,0
1740,0.06,0.0,0.0,865.0,865.0,650.0,589,748,0.22,0.68,248,0,340,39,1,7.309630167425898,1,0,0,0,0,0,0
1740,0.06,0.0,0.0,865.0,865.0,650.0,589,748,0.22,0.68,248,0,340,39,1,7.326335860928752,1,0,0,0,0,0,0
1740,0.06,0.0,0.0,865.0,865.0,650.0,589,748,0.22,0.68,248,0,330,39,1,7.326335860928752,1,0,0,0,0,0,0
1740,0.06,0.0,0.0,865.0,865.0,650.0,589,748,0.22,0.68,248,0,330,39,1,7.326335860928752,1,0,0,0,0,0,0
1740,0.06,0.0,0.0,865.0,865.0,650.0,589,748,0.22,0.68,248,0,330,39,1,7.326335860928752,1,0,0,0,0,0,0
1270,0.13,0.01,0.0,865.0,865.0,650.0,586,763,0.24,0.69,251,0,430,36,0,4.888740960682893,1,0,0,0,0,0,0
1270,0.13,0.01,0.0,865.0,865.0,650.0,586,763,0.24,0.69,251,0,430,36,0,4.931457870689005,1,0,0,0,0,0,0
1270,0.13,0.01,0.0,865.0,865.0,650.0,586,763,0.24,0.69,251,0,420,36,0,4.895974732359065,1,0,0,0,0,0,0
1270,0.13,0.01,0.0,865.0,865.0,650.0,586,763,0.24,0.69,251,0,420,36,0,5.086359830674748,1,0,0,0,0,0,0
1270,0.13,0.01,0.0,865.0,865.0,650.0,586,763,0.24,0.69,251,0,410,36,0,5.250420002308894,1,0,0,0,0,0,0
1270,0.13,0.01,0.0,865.0,865.0,650.0,586,763,0.24,0.69,251,0,410,36,0,5.292256071356476,1,0,0,0,0,0,0
1270,0.13,0.01,0.0,865.0,865.0,650.0,586,763,0.24,0.69,251,0,400,36,0,5.3979400086720375,1,0,0,0,0,0,0
1270,0.13,0.01,0.0,865.0,865.0,650.0,586,763,0.24,0.69,251,0,400,36,0,5.576341350205793,1,0,0,0,0,0,0
1270,0.13,0.01,0.0,865.0,865.0,650.0,586,763,0.24,0.69,251,0,390,36,0,5.526339277389844,1,0,0,0,0,0,0
1270,0.13,0.01,0.0,865.0,865.0,650.0,586,763,0.24,0.69,251,0,390,36,0,5.587710965018911,1,0,0,0,0,0,0
1270,0.13,0.01,0.0,865.0,865.0,650.0,586,763,0.24,0.69,251,0,380,36,0,5.804139432335351,1,0,0,0,0,0,0
1270,0.13,0.01,0.0,865.0,865.0,650.0,586,763,0.24,0.69,251,0,380,36,0,5.88309335857569,1,0,0,0,0,0,0
1270,0.13,0.01,0.0,865.0,865.0,650.0,586,763,0.24,0.69,251,0,380,36,0,6.2552725051033065,1,0,0,0,0,0,0
1270,0.13,0.01,0.0,865.0,865.0,650.0,586,763,0.24,0.69,251,0,370,36,0,5.971275848738105,1,0,0,0,0,0,0
1270,0.13,0.01,0.0,865.0,865.0,650.0,586,763,0.24,0.69,251,0,370,36,0,6.1702617153949575,1,0,0,0,0,0,0
1270,0.13,0.01,0.0,865.0,865.0,650.0,586,763,0.24,0.69,251,0,370,36,1,7.326335860928752,1,0,0,0,0,0,0
1270,0.13,0.01,0.0,865.0,865.0,650.0,586,763,0.24,0.69,251,0,360,36,1,7.326335860928752,1,0,0,0,0,0,0
1270,0.13,0.01,0.0,865.0,865.0,650.0,586,763,0.24,0.69,251,0,360,36,1,7.326335860928752,1,0,0,0,0,0,0
1270,0.13,0.01,0.0,865.0,865.0,650.0,586,763,0.24,0.69,251,0,360,36,1,7.326335860928752,1,0,0,0,0,0,0
825,0.07,0.04,0.0,865.0,865.0,650.0,523,722,0.22,0.68,227,0,400,21,0,4.83695673705955,1,0,0,0,0,0,0
825,0.07,0.04,0.0,865.0,865.0,650.0,523,722,0.22,0.68,227,0,400,21,0,4.885361220031512,1,0,0,0,0,0,0
825,0.07,0.04,0.0,865.0,865.0,650.0,523,722,0.22,0.68,227,0,390,21,0,4.968949680981343,1,0,0,0,0,0,0
825,0.07,0.04,0.0,865.0,865.0,650.0,523,722,0.22,0.68,227,0,390,21,0,5.037426497940624,1,0,0,0,0,0,0
825,0.07,0.04,0.0,865.0,865.0,650.0,523,722,0.22,0.68,227,0,380,21,0,4.338456493604605,1,0,0,0,0,0,0
825,0.07,0.04,0.0,865.0,865.0,650.0,523,722,0.22,0.68,227,0,380,21,0,4.450249108319361,1,0,0,0,0,0,0
825,0.07,0.04,0.0,865.0,865.0,650.0,523,722,0.22,0.68,227,0,370,21,0,4.509202522331103,1,0,0,0,0,0,0
825,0.07,0.04,0.0,865.0,865.0,650.0,523,722,0.22,0.68,227,0,370,21,0,4.513217600067939,1,0,0,0,0,0,0
825,0.07,0.04,0.0,865.0,865.0,650.0,523,722,0.22,0.68,227,0,360,21,0,4.613841821876069,1,0,0,0,0,0,0
825,0.07,0.04,0.0,865.0,865.0,650.0,523,722,0.22,0.68,227,0,360,21,0,4.685741738602264,1,0,0,0,0,0,0
825,0.07,0.04,0.0,865.0,865.0,650.0,523,722,0.22,0.68,227,0,350,21,0,4.9324737646771535,1,0,0,0,0,0,0
825,0.07,0.04,0.0,865.0,865.0,650.0,523,722,0.22,0.68,227,0,350,21,0,4.989449817666692,1,0,0,0,0,0,0
825,0.07,0.04,0.0,865.0,865.0,650.0,523,722,0.22,0.68,227,0,350,21,0,6.195899652409234,1,0,0,0,0,0,0
825,0.07,0.04,0.0,865.0,865.0,650.0,523,722,0.22,0.68,227,0,340,21,0,6.05307844348342,1,0,0,0,0,0,0
825,0.07,0.04,0.0,865.0,865.0,650.0,523,722,0.22,0.68,227,0,340,21,1,7.326335860928752,1,0,0,0,0,0,0
825,0.07,0.04,0.0,865.0,865.0,650.0,523,722,0.22,0.68,227,0,340,21,1,7.326335860928752,1,0,0,0,0,0,0
825,0.07,0.04,0.0,865.0,865.0,650.0,523,722,0.22,0.68,227,0,330,21,1,7.326335860928752,1,0,0,0,0,0,0
825,0.07,0.04,0.0,865.0,865.0,650.0,523,722,0.22,0.68,227,0,330,21,1,7.326335860928752,1,0,0,0,0,0,0
825,0.07,0.04,0.0,865.0,865.0,650.0,523,722,0.22,0.68,227,0,330,21,1,7.326335860928752,1,0,0,0,0,0,0
1740,0.1,0.0,0.0,865.0,865.0,650.0,574,776,0.23,0.67,246,0,420,48,0,4.788875115775417,1,0,0,0,0,0,0
1740,0.1,0.0,0.0,865.0,865.0,650.0,574,776,0.23,0.67,246,0,420,48,0,4.86391737695786,1,0,0,0,0,0,0
1740,0.1,0.0,0.0,865.0,865.0,650.0,574,776,0.23,0.67,246,0,410,48,0,4.876217840591642,1,0,0,0,0,0,0
1740,0.1,0.0,0.0,865.0,865.0,650.0,574,776,0.23,0.67,246,0,410,48,0,5.068185861746161,1,0,0,0,0,0,0
1740,0.1,0.0,0.0,865.0,865.0,650.0,574,776,0.23,0.67,246,0,400,48,0,5.158362492095249,1,0,0,0,0,0,0
1740,0.1,0.0,0.0,865.0,865.0,650.0,574,776,0.23,0.67,246,0,400,48,0,5.181843587944773,1,0,0,0,0,0,0
1740,0.1,0.0,0.0,865.0,865.0,650.0,574,776,0.23,0.67,246,0,390,48,0,5.3404441148401185,1,0,0,0,0,0,0
1740,0.1,0.0,0.0,865.0,865.0,650.0,574,776,0.23,0.67,246,0,390,48,0,5.603144372620182,1,0,0,0,0,0,0
1740,0.1,0.0,0.0,865.0,865.0,650.0,574,776,0.23,0.67,246,0,380,48,0,5.5820633629117085,1,0,0,0,0,0,0
1740,0.1,0.0,0.0,865.0,865.0,650.0,574,776,0.23,0.67,246,0,380,48,0,5.627365856592733,1,0,0,0,0,0,0
1740,0.1,0.0,0.0,865.0,865.0,650.0,574,776,0.23,0.67,246,0,370,48,0,5.676693609624866,1,0,0,0,0,0,0
1740,0.1,0.0,0.0,865.0,865.0,650.0,574,776,0.23,0.67,246,0,370,48,0,5.967547976218862,1,0,0,0,0,0,0
1740,0.1,0.0,0.0,865.0,865.0,650.0,574,776,0.23,0.67,246,0,370,48,1,7.326335860928752,1,0,0,0,0,0,0
1740,0.1,0.0,0.0,865.0,865.0,650.0,574,776,0.23,0.67,246,0,360,48,0,6.086359830674748,1,0,0,0,0,0,0
1740,0.1,0.0,0.0,865.0,865.0,650.0,574,776,0.23,0.67,246,0,360,48,1,7.326335860928752,1,0,0,0,0,0,0
1740,0.1,0.0,0.0,865.0,865.0,650.0,574,776,0.23,0.67,246,0,360,48,1,7.326335860928752,1,0,0,0,0,0,0
1740,0.1,0.0,0.0,865.0,865.0,650.0,574,776,0.23,0.67,246,0,350,48,1,7.326335860928752,1,0,0,0,0,0,0
1740,0.1,0.0,0.0,865.0,865.0,650.0,574,776,0.23,0.67,246,0,350,48,1,7.326335860928752,1,0,0,0,0,0,0
1740,0.1,0.0,0.0,865.0,865.0,650.0,574,776,0.23,0.67,246,0,350,48,1,7.326335860928752,1,0,0,0,0,0,0
610,0.06,0.05,0.03,865.0,865.0,650.0,540,715,0.21,0.67,234,0,390,5,0,4.960470777534299,1,0,0,0,0,0,0
610,0.06,0.05,0.03,865.0,865.0,650.0,540,715,0.21,0.67,234,0,390,5,0,5.017033339298781,1,0,0,0,0,0,0
610,0.06,0.05,0.03,865.0,865.0,650.0,540,715,0.21,0.67,234,0,370,5,0,5.4281347940287885,1,0,0,0,0,0,0
610,0.06,0.05,0.03,865.0,865.0,650.0,540,715,0.21,0.67,234,0,370,5,0,5.53655844257153,1,0,0,0,0,0,0
610,0.06,0.05,0.03,865.0,865.0,650.0,540,715,0.21,0.67,234,0,360,5,0,5.683947130751513,1,0,0,0,0,0,0
610,0.06,0.05,0.03,865.0,865.0,650.0,540,715,0.21,0.67,234,0,360,5,0,5.70070371714502,1,0,0,0,0,0,0
610,0.06,0.05,0.03,865.0,865.0,650.0,540,715,0.21,0.67,234,0,350,5,0,5.714329759745233,1,0,0,0,0,0,0
610,0.06,0.05,0.03,865.0,865.0,650.0,540,715,0.21,0.67,234,0,350,5,0,5.739572344450092,1,0,0,0,0,0,0
610,0.06,0.05,0.03,865.0,865.0,650.0,540,715,0.21,0.67,234,0,340,5,0,5.8228216453031045,1,0,0,0,0,0,0
610,0.06,0.05,0.03,865.0,865.0,650.0,540,715,0.21,0.67,234,0,340,5,0,6.110589710299249,1,0,0,0,0,0,0
610,0.06,0.05,0.03,865.0,865.0,650.0,540,715,0.21,0.67,234,0,330,5,0,6.0,1,0,0,0,0,0,0
610,0.06,0.05,0.03,865.0,865.0,650.0,540,715,0.21,0.67,234,0,330,5,0,6.27415784926368,1,0,0,0,0,0,0
610,0.06,0.05,0.03,865.0,865.0,650.0,540,715,0.21,0.67,234,0,330,5,1,7.326335860928752,1,0,0,0,0,0,0
610,0.06,0.05,0.03,865.0,865.0,650.0,540,715,0.21,0.67,234,0,320,5,0,6.2878017299302265,1,0,0,0,0,0,0
610,0.06,0.05,0.03,865.0,865.0,650.0,540,715,0.21,0.67,234,0,320,5,1,7.326335860928752,1,0,0,0,0,0,0
610,0.06,0.05,0.03,865.0,865.0,650.0,540,715,0.21,0.67,234,0,320,5,1,7.326335860928752,1,0,0,0,0,0,0
610,0.06,0.05,0.03,865.0,865.0,650.0,540,715,0.21,0.67,234,0,310,5,1,7.326335860928752,1,0,0,0,0,0,0
610,0.06,0.05,0.03,865.0,865.0,650.0,540,715,0.21,0.67,234,0,310,5,1,7.326335860928752,1,0,0,0,0,0,0
610,0.06,0.05,0.03,865.0,865.0,650.0,540,715,0.21,0.67,234,0,310,5,1,7.326335860928752,1,0,0,0,0,0,0
825,0.05,0.03,0.0,865.0,865.0,600.0,543,736,0.33,0.68,235,1,400,15,0,4.4048337166199385,1,0,0,0,0,0,0
825,0.05,0.03,0.0,865.0,865.0,600.0,543,736,0.33,0.68,235,1,380,15,0,4.588831725594207,1,0,0,0,0,0,0
825,0.05,0.03,0.0,865.0,865.0,600.0,543,736,0.33,0.68,235,1,380,15,0,4.682145076373832,1,0,0,0,0,0,0
825,0.05,0.03,0.0,865.0,865.0,600.0,543,736,0.33,0.68,235,1,370,15,0,4.887617300335736,1,0,0,0,0,0,0
825,0.05,0.03,0.0,865.0,865.0,600.0,543,736,0.33,0.68,235,1,370,15,0,5.181843587944773,1,0,0,0,0,0,0
825,0.05,0.03,0.0,865.0,865.0,600.0,543,736,0.33,0.68,235,1,360,15,0,4.800717078282385,1,0,0,0,0,0,0
825,0.05,0.03,0.0,865.0,865.0,600.0,543,736,0.33,0.68,235,1,360,15,0,5.359835482339888,1,0,0,0,0,0,0
825,0.05,0.03,0.0,865.0,865.0,600.0,543,736,0.33,0.68,235,1,350,15,0,5.480006942957151,1,0,0,0,0,0,0
825,0.05,0.03,0.0,865.0,865.0,600.0,543,736,0.33,0.68,235,1,350,15,0,5.778151250383644,1,0,0,0,0,0,0
825,0.05,0.03,0.0,865.0,865.0,600.0,543,736,0.33,0.68,235,1,350,15,1,7.0,1,0,0,0,0,0,0
825,0.05,0.03,0.0,865.0,865.0,600.0,543,736,0.33,0.68,235,1,340,15,0,5.064457989226918,1,0,0,0,0,0,0
825,0.05,0.03,0.0,865.0,865.0,600.0,543,736,0.33,0.68,235,1,340,15,0,5.833147111912785,1,0,0,0,0,0,0
825,0.05,0.03,0.0,865.0,865.0,600.0,543,736,0.33,0.68,235,1,340,15,1,7.0,1,0,0,0,0,0,0
825,0.05,0.03,0.0,865.0,865.0,600.0,543,736,0.33,0.68,235,1,330,15,1,7.0,1,0,0,0,0,0,0
825,0.05,0.03,0.0,865.0,865.0,600.0,543,736,0.33,0.68,235,1,330,15,1,7.0,1,0,0,0,0,0,0
825,0.05,0.03,0.0,865.0,865.0,600.0,543,736,0.33,0.68,235,1,330,15,1,7.0,1,0,0,0,0,0,0
610,0.07,0.0,0.03,865.0,865.0,600.0,594,790,0.21,0.62,261,1,400,7,0,4.48572142648158,1,0,0,0,0,0,0
610,0.07,0.0,0.03,865.0,865.0,600.0,594,790,0.21,0.62,261,1,400,7,0,5.53655844257153,1,0,0,0,0,0,0
610,0.07,0.0,0.03,865.0,865.0,600.0,594,790,0.21,0.62,261,1,390,7,0,5.716837723299524,1,0,0,0,0,0,0
610,0.07,0.0,0.03,865.0,865.0,600.0,594,790,0.21,0.62,261,1,390,7,1,7.0,1,0,0,0,0,0,0
610,0.07,0.0,0.03,865.0,865.0,600.0,594,790,0.21,0.62,261,1,380,7,0,4.832508912706237,1,0,0,0,0,0,0
610,0.07,0.0,0.03,865.0,865.0,600.0,594,790,0.21,0.62,261,1,380,7,1,7.0,1,0,0,0,0,0,0
610,0.07,0.0,0.03,865.0,865.0,600.0,594,790,0.21,0.62,261,1,360,7,0,5.235528446907549,1,0,0,0,0,0,0
610,0.07,0.0,0.03,865.0,865.0,600.0,594,790,0.21,0.62,261,1,360,7,0,5.734799829588847,1,0,0,0,0,0,0
610,0.07,0.0,0.03,865.0,865.0,600.0,594,790,0.21,0.62,261,1,350,7,0,5.456366033129043,1,0,0,0,0,0,0
610,0.07,0.0,0.03,865.0,865.0,600.0,594,790,0.21,0.62,261,1,350,7,0,5.980003371583746,1,0,0,0,0,0,0
610,0.07,0.0,0.03,865.0,865.0,600.0,594,790,0.21,0.62,261,1,350,7,0,6.326335860928752,1,0,0,0,0,0,0
610,0.07,0.0,0.03,865.0,865.0,600.0,594,790,0.21,0.62,261,1,340,7,0,5.868644438394826,1,0,0,0,0,0,0
610,0.07,0.0,0.03,865.0,865.0,600.0,594,790,0.21,0.62,261,1,340,7,1,7.0,1,0,0,0,0,0,0
610,0.07,0.0,0.03,865.0,865.0,600.0,594,790,0.21,0.62,261,1,340,7,1,7.0,1,0,0,0,0,0,0
610,0.07,0.0,0.03,865.0,865.0,600.0,594,790,0.21,0.62,261,1,330,7,1,7.0,1,0,0,0,0,0,0
610,0.07,0.0,0.03,865.0,865.0,600.0,594,790,0.21,0.62,261,1,330,7,1,7.0,1,0,0,0,0,0,0
610,0.07,0.0,0.03,865.0,865.0,600.0,594,790,0.21,0.62,261,1,330,7,1,7.0,1,0,0,0,0,0,0
1740,0.08,0.0,0.0,865.0,845.0,600.0,396,565,0.36,0.63,176,1,300,52,0,4.193124598354461,0,1,0,0,0,0,1
1740,0.08,0.0,0.0,865.0,845.0,600.0,396,565,0.36,0.63,176,1,275,52,0,4.592176757395867,0,1,0,0,0,0,1
1740,0.08,0.0,0.0,865.0,845.0,600.0,396,565,0.36,0.63,176,1,250,52,0,4.849419413796899,0,1,0,0,0,0,1
1740,0.08,0.0,0.0,865.0,845.0,600.0,396,565,0.36,0.63,176,1,220,52,1,7.0,0,1,0,0,0,0,1
1740,0.08,0.0,0.0,865.0,845.0,600.0,396,565,0.36,0.63,176,1,225,52,0,5.801403710017355,0,1,0,0,0,0,1
1740,0.08,0.0,0.0,865.0,845.0,600.0,396,565,0.36,0.63,176,1,220,52,1,7.0,0,1,0,0,0,0,1
1740,0.08,0.0,0.0,865.0,845.0,600.0,396,565,0.36,0.63,176,1,225,52,1,7.0,0,1,0,0,0,0,1
1270,0.08,0.02,0.0,865.0,845.0,600.0,394,593,0.34,0.62,174,1,300,50,0,4.460897842756548,0,1,0,0,0,0,1
1270,0.08,0.02,0.0,865.0,845.0,600.0,394,593,0.34,0.62,174,1,275,50,0,4.786041210242554,0,1,0,0,0,0,1
1270,0.08,0.02,0.0,865.0,845.0,600.0,394,593,0.34,0.62,174,1,250,50,0,5.445604203273597,0,1,0,0,0,0,1
1270,0.08,0.02,0.0,865.0,845.0,600.0,394,593,0.34,0.62,174,1,235,50,1,7.0,0,1,0,0,0,0,1
1270,0.08,0.02,0.0,865.0,845.0,600.0,394,593,0.34,0.62,174,1,240,50,0,6.075546961392531,0,1,0,0,0,0,1
1270,0.08,0.02,0.0,865.0,845.0,600.0,394,593,0.34,0.62,174,1,235,50,0,5.9273703630390235,0,1,0,0,0,0,1
1270,0.08,0.02,0.0,865.0,845.0,600.0,394,593,0.34,0.62,174,1,230,50,0,6.232996110392154,0,1,0,0,0,0,1
1740,0.1,0.0,0.0,865.0,845.0,600.0,414,617,0.32,0.58,175,1,300,54,0,4.4048337166199385,0,1,0,0,0,0,1
1740,0.1,0.0,0.0,865.0,845.0,600.0,414,617,0.32,0.58,175,1,275,54,0,4.780317312140151,0,1,0,0,0,0,1
1740,0.1,0.0,0.0,865.0,845.0,600.0,414,617,0.32,0.58,175,1,250,54,0,5.220108088040055,0,1,0,0,0,0,1
1740,0.1,0.0,0.0,865.0,845.0,600.0,414,617,0.32,0.58,175,1,230,54,1,7.0,0,1,0,0,0,0,1
1740,0.1,0.0,0.0,865.0,845.0,600.0,414,617,0.32,0.58,175,1,235,54,0,5.444044795918076,0,1,0,0,0,0,1
1740,0.1,0.0,0.0,865.0,845.0,600.0,414,617,0.32,0.58,175,1,230,54,0,5.915927211697116,0,1,0,0,0,0,1
1740,0.1,0.0,0.0,865.0,845.0,600.0,414,617,0.32,0.58,175,1,225,54,0,6.107209969647869,0,1,0,0,0,0,1
1740,0.1,0.0,0.0,845.0,865.0,550.0,587,780,0.24,0.67,242,1,420,55,0,4.666517980554881,0,1,0,0,0,1,0
1740,0.1,0.0,0.0,845.0,865.0,550.0,587,780,0.24,0.67,242,1,410,55,0,4.60422605308447,0,1,0,0,0,1,0
1740,0.1,0.0,0.0,845.0,865.0,550.0,587,780,0.24,0.67,242,1,400,55,0,4.6020599913279625,0,1,0,0,0,1,0
1740,0.1,0.0,0.0,845.0,865.0,550.0,587,780,0.24,0.67,242,1,390,55,1,7.0,0,1,0,0,0,1,0
1740,0.1,0.0,0.0,845.0,865.0,550.0,587,780,0.24,0.67,242,1,395,55,0,5.305351369446623,0,1,0,0,0,1,0
1740,0.1,0.0,0.0,845.0,865.0,550.0,587,780,0.24,0.67,242,1,390,55,0,5.198657086954422,0,1,0,0,0,1,0
1740,0.1,0.0,0.0,845.0,865.0,550.0,587,780,0.24,0.67,242,1,385,55,0,5.672097857935717,0,1,0,0,0,1,0
1740,0.1,0.0,0.0,845.0,865.0,550.0,587,780,0.24,0.67,242,1,380,55,1,7.0,0,1,0,0,0,1,0
1740,0.08,0.0,0.0,845.0,865.0,600.0,480,656,0.28,0.74,222,1,370,53,0,4.139879086401236,0,1,0,0,0,1,0
1740,0.08,0.0,0.0,845.0,865.0,600.0,480,656,0.28,0.74,222,1,350,53,0,4.459392487759231,0,1,0,0,0,1,0
1740,0.08,0.0,0.0,845.0,865.0,600.0,480,656,0.28,0.74,222,1,330,53,0,5.096910013008056,0,1,0,0,0,1,0
1740,0.08,0.0,0.0,845.0,865.0,600.0,480,656,0.28,0.74,222,1,315,53,1,7.0,0,1,0,0,0,1,0
1740,0.08,0.0,0.0,845.0,865.0,600.0,480,656,0.28,0.74,222,1,320,53,0,5.781036938621132,0,1,0,0,0,1,0
1740,0.08,0.0,0.0,845.0,865.0,600.0,480,656,0.28,0.74,222,1,315,53,0,6.318063334962762,0,1,0,0,0,1,0
1740,0.08,0.0,0.0,845.0,865.0,600.0,480,656,0.28,0.74,222,1,310,53,1,7.0,0,1,0,0,0,1,0
1740,0.1,0.0,0.0,845.0,865.0,600.0,542,730,0.25,0.68,222,1,390,56,0,4.442479769064448,0,1,0,0,0,1,0
1740,0.1,0.0,0.0,845.0,865.0,600.0,542,730,0.25,0.68,222,1,370,56,0,4.90687353472207,0,1,0,0,0,1,0
1740,0.1,0.0,0.0,845.0,865.0,600.0,542,730,0.25,0.68,222,1,360,56,0,5.413299764081252,0,1,0,0,0,1,0
1740,0.1,0.0,0.0,845.0,865.0,600.0,542,730,0.25,0.68,222,1,345,56,1,7.0,0,1,0,0,0,1,0
1740,0.1,0.0,0.0,845.0,865.0,600.0,542,730,0.25,0.68,222,1,350,56,0,5.6414741105041,0,1,0,0,0,1,0
1740,0.1,0.0,0.0,845.0,865.0,600.0,542,730,0.25,0.68,222,1,345,56,1,7.0,0,1,0,0,0,1,0
1740,0.1,0.0,0.0,845.0,865.0,600.0,542,730,0.25,0.68,222,1,350,56,1,7.0,0,1,0,0,0,1,0
1740,0.1,0.0,0.0,845.0,865.0,650.0,513,669,0.29,0.7,211,1,360,57,0,4.17897694729317,0,1,0,0,0,1,0
1740,0.1,0.0,0.0,845.0,865.0,650.0,513,669,0.29,0.7,211,1,350,57,0,4.3692158574101425,0,1,0,0,0,1,0
1740,0.1,0.0,0.0,845.0,865.0,650.0,513,669,0.29,0.7,211,1,340,57,0,4.6776069527204935,0,1,0,0,0,1,0
1740,0.1,0.0,0.0,845.0,865.0,650.0,513,669,0.29,0.7,211,1,320,57,1,7.0,0,1,0,0,0,1,0
1740,0.1,0.0,0.0,845.0,865.0,650.0,513,669,0.29,0.7,211,1,325,57,0,5.940516484932568,0,1,0,0,0,1,0
1740,0.1,0.0,0.0,845.0,865.0,650.0,513,669,0.29,0.7,211,1,320,57,0,5.27415784926368,0,1,0,0,0,1,0
1740,0.1,0.0,0.0,845.0,865.0,650.0,513,669,0.29,0.7,211,1,315,57,0,5.845098040014257,0,1,0,0,0,1,0
382,0.04,0.0,0.0,855.0,855.0,180.0,1532,1909,0.07,0.33,585,0,1040,58,0,4.698970004336019,0,0,1,0,0,0,0
382,0.04,0.0,0.0,855.0,855.0,180.0,1532,1909,0.07,0.33,585,0,1040,58,0,4.730782275666389,0,0,1,0,0,0,0
382,0.04,0.0,0.0,855.0,855.0,180.0,1532,1909,0.07,0.33,585,0,960,58,0,5.008600171761918,0,0,1,0,0,0,0
382,0.04,0.0,0.0,855.0,855.0,180.0,1532,1909,0.07,0.33,585,0,960,58,0,5.079181246047625,0,0,1,0,0,0,0
382,0.04,0.0,0.0,855.0,855.0,180.0,1532,1909,0.07,0.33,585,0,880,58,0,5.8055008581584,0,0,1,0,0,0,0
382,0.04,0.0,0.0,855.0,855.0,180.0,1532,1909,0.07,0.33,585,0,880,58,0,6.012837224705172,0,0,1,0,0,0,0
382,0.04,0.0,0.0,855.0,855.0,180.0,1532,1909,0.07,0.33,585,0,880,58,0,6.117271295655764,0,0,1,0,0,0,0
382,0.04,0.0,0.0,855.0,855.0,180.0,1532,1909,0.07,0.33,585,0,800,58,0,6.017033339298781,0,0,1,0,0,0,0
382,0.04,0.0,0.0,855.0,855.0,180.0,1532,1909,0.07,0.33,585,0,800,58,0,6.021189299069938,0,0,1,0,0,0,0
382,0.04,0.0,0.0,855.0,855.0,180.0,1532,1909,0.07,0.33,585,0,800,58,0,6.285557309007774,0,0,1,0,0,0,0
382,0.04,0.0,0.0,855.0,855.0,180.0,1532,1909,0.07,0.33,585,0,720,58,0,6.1303337684950066,0,0,1,0,0,0,0
382,0.04,0.0,0.0,855.0,855.0,180.0,1532,1909,0.07,0.33,585,0,720,58,0,6.222716471147583,0,0,1,0,0,0,0
382,0.04,0.0,0.0,855.0,855.0,180.0,1532,1909,0.07,0.33,585,0,720,58,1,7.271841606536499,0,0,1,0,0,0,0
382,0.04,0.0,0.0,855.0,855.0,180.0,1532,1909,0.07,0.33,585,0,640,58,1,8.26245108973043,0,0,1,0,0,0,0
382,0.04,0.0,0.0,855.0,855.0,180.0,1532,1909,0.07,0.33,585,0,640,58,1,8.972202838379065,0,0,1,0,0,0,0
382,0.04,0.0,0.0,855.0,855.0,180.0,1532,1909,0.07,0.33,585,0,640,58,1,9.267171728403014,0,0,1,0,0,0,0
382,0.04,0.0,0.0,855.0,855.0,180.0,1532,1909,0.07,0.33,585,0,560,58,1,8.318063334962762,0,0,1,0,0,0,0
382,0.04,0.0,0.0,855.0,855.0,180.0,1532,1909,0.07,0.33,585,0,560,58,1,8.931457870689005,0,0,1,0,0,0,0
382,0.04,0.0,0.0,855.0,855.0,180.0,1532,1909,0.07,0.33,585,0,560,58,1,10.0,0,0,1,0,0,0,0
382,0.04,0.0,0.0,855.0,855.0,180.0,1532,1909,0.07,0.33,585,0,480,58,1,9.068185861746162,0,0,1,0,0,0,0
382,0.04,0.0,0.0,855.0,855.0,180.0,1532,1909,0.07,0.33,585,0,480,58,1,9.477121254719663,0,0,1,0,0,0,0
382,0.04,0.0,0.0,855.0,855.0,180.0,1532,1909,0.07,0.33,585,0,480,58,1,10.0,0,0,1,0,0,0,0
382,0.04,0.0,0.0,855.0,855.0,180.0,1532,1909,0.07,0.33,585,0,480,58,1,10.0,0,0,1,0,0,0,0
382,0.04,0.0,0.0,855.0,855.0,180.0,1532,1909,0.07,0.33,585,0,420,58,1,10.0,0,0,1,0,0,0,0
382,0.04,0.0,0.0,855.0,855.0,180.0,1532,1909,0.07,0.33,585,0,420,58,1,10.0,0,0,1,0,0,0,0
382,0.04,0.0,0.0,855.0,855.0,550.0,778,857,0.2,0.65,286,0,600,59,0,5.02530586526477,0,0,1,0,0,0,0
382,0.04,0.0,0.0,855.0,855.0,550.0,778,857,0.2,0.65,286,0,580,59,0,5.181843587944773,0,0,1,0,0,0,0
382,0.04,0.0,0.0,855.0,855.0,550.0,778,857,0.2,0.65,286,0,580,59,0,5.232996110392154,0,0,1,0,0,0,0
382,0.04,0.0,0.0,855.0,855.0,550.0,778,857,0.2,0.65,286,0,560,59,0,5.181843587944773,0,0,1,0,0,0,0
382,0.04,0.0,0.0,855.0,855.0,550.0,778,857,0.2,0.65,286,0,560,59,0,5.342422680822207,0,0,1,0,0,0,0
382,0.04,0.0,0.0,855.0,855.0,550.0,778,857,0.2,0.65,286,0,560,59,0,5.357934847000454,0,0,1,0,0,0,0
382,0.04,0.0,0.0,855.0,855.0,550.0,778,857,0.2,0.65,286,0,540,59,0,5.4623979978989565,0,0,1,0,0,0,0
382,0.04,0.0,0.0,855.0,855.0,550.0,778,857,0.2,0.65,286,0,540,59,0,5.6739419986340875,0,0,1,0,0,0,0
382,0.04,0.0,0.0,855.0,855.0,550.0,778,857,0.2,0.65,286,0,540,59,1,8.78175537465247,0,0,1,0,0,0,0
382,0.04,0.0,0.0,855.0,855.0,550.0,778,857,0.2,0.65,286,0,520,59,0,5.283301228703549,0,0,1,0,0,0,0
382,0.04,0.0,0.0,855.0,855.0,550.0,778,857,0.2,0.65,286,0,520,59,1,8.857332496431269,0,0,1,0,0,0,0
382,0.04,0.0,0.0,855.0,855.0,550.0,778,857,0.2,0.65,286,0,520,59,1,9.778151250383644,0,0,1,0,0,0,0
382,0.04,0.0,0.0,855.0,855.0,550.0,778,857,0.2,0.65,286,0,500,59,1,9.187520720836464,0,0,1,0,0,0,0
382,0.04,0.0,0.0,855.0,855.0,550.0,778,857,0.2,0.65,286,0,500,59,1,9.477121254719663,0,0,1,0,0,0,0
382,0.04,0.0,0.0,855.0,855.0,550.0,778,857,0.2,0.65,286,0,500,59,1,9.778151250383644,0,0,1,0,0,0,0
382,0.04,0.0,0.0,855.0,855.0,550.0,778,857,0.2,0.65,286,0,480,59,1,9.477121254719663,0,0,1,0,0,0,0
382,0.04,0.0,0.0,855.0,855.0,550.0,778,857,0.2,0.65,286,0,480,59,1,9.778151250383644,0,0,1,0,0,0,0
382,0.04,0.0,0.0,855.0,855.0,550.0,778,857,0.2,0.65,286,0,460,59,1,9.778151250383644,0,0,1,0,0,0,0
382,0.04,0.0,0.0,855.0,855.0,550.0,778,857,0.2,0.65,286,0,460,59,1,9.778151250383644,0,0,1,0,0,0,0
382,0.04,0.0,0.0,855.0,855.0,550.0,778,857,0.2,0.65,286,0,440,59,1,9.778151250383644,0,0,1,0,0,0,0
382,0.04,0.0,0.0,855.0,855.0,550.0,778,857,0.2,0.65,286,0,440,59,1,9.778151250383644,0,0,1,0,0,0,0
382,0.04,0.0,0.0,855.0,855.0,180.0,1532,1909,0.07,0.33,585,1,960,58,0,4.623249290397901,0,0,1,0,0,0,0
382,0.04,0.0,0.0,855.0,855.0,180.0,1532,1909,0.07,0.33,585,1,960,58,0,5.445604203273597,0,0,1,0,0,0,0
382,0.04,0.0,0.0,855.0,855.0,180.0,1532,1909,0.07,0.33,585,1,880,58,0,4.505149978319906,0,0,1,0,0,0,0
382,0.04,0.0,0.0,855.0,855.0,180.0,1532,1909,0.07,0.33,585,1,880,58,0,5.626340367375042,0,0,1,0,0,0,0
382,0.04,0.0,0.0,855.0,855.0,180.0,1532,1909,0.07,0.33,585,1,800,58,0,5.733197265106569,0,0,1,0,0,0,0
382,0.04,0.0,0.0,855.0,855.0,180.0,1532,1909,0.07,0.33,585,1,800,58,0,5.91803033678488,0,0,1,0,0,0,0
382,0.04,0.0,0.0,855.0,855.0,180.0,1532,1909,0.07,0.33,585,1,720,58,0,5.90200289135073,0,0,1,0,0,0,0
382,0.04,0.0,0.0,855.0,855.0,180.0,1532,1909,0.07,0.33,585,1,720,58,0,6.267171728403014,0,0,1,0,0,0,0
382,0.04,0.0,0.0,855.0,855.0,180.0,1532,1909,0.07,0.33,585,1,640,58,0,6.833147111912785,0,0,1,0,0,0,0
382,0.04,0.0,0.0,855.0,855.0,180.0,1532,1909,0.07,0.33,585,1,640,58,0,6.845098040014257,0,0,1,0,0,0,0
382,0.04,0.0,0.0,855.0,855.0,180.0,1532,1909,0.07,0.33,585,1,560,58,0,6.429752280002408,0,0,1,0,0,0,0
382,0.04,0.0,0.0,855.0,855.0,180.0,1532,1909,0.07,0.33,585,1,560,58,0,6.6211762817750355,0,0,1,0,0,0,0
382,0.04,0.0,0.0,855.0,855.0,180.0,1532,1909,0.07,0.33,585,1,480,58,1,8.0,0,0,1,0,0,0,0
382,0.04,0.0,0.0,855.0,855.0,180.0,1532,1909,0.07,0.33,585,1,480,58,1,8.0,0,0,1,0,0,0,0
624,0.04,0.0,0.01,855.0,855.0,180.0,1578,1958,0.08,0.39,585,1,880,60,0,4.968482948553935,0,0,1,0,0,0,0
624,0.04,0.0,0.01,855.0,855.0,180.0,1578,1958,0.08,0.39,585,1,880,60,0,5.146128035678238,0,0,1,0,0,0,0
624,0.04,0.0,0.01,855.0,855.0,180.0,1578,1958,0.08,0.39,585,1,800,60,0,5.264817823009537,0,0,1,0,0,0,0
624,0.04,0.0,0.01,855.0,855.0,180.0,1578,1958,0.08,0.39,585,1,800,60,0,6.187520720836463,0,0,1,0,0,0,0
624,0.04,0.0,0.01,855.0,855.0,180.0,1578,1958,0.08,0.39,585,1,720,60,0,5.294466226161593,0,0,1,0,0,0,0
624,0.04,0.0,0.01,855.0,855.0,180.0,1578,1958,0.08,0.39,585,1,720,60,0,6.842609239610562,0,0,1,0,0,0,0
624,0.04,0.0,0.01,855.0,855.0,180.0,1578,1958,0.08,0.39,585,1,640,60,0,6.209515014542631,0,0,1,0,0,0,0
624,0.04,0.0,0.01,855.0,855.0,180.0,1578,1958,0.08,0.39,585,1,640,60,0,6.371067862271736,0,0,1,0,0,0,0
624,0.04,0.0,0.01,855.0,855.0,180.0,1578,1958,0.08,0.39,585,1,560,60,0,5.902546779313991,0,0,1,0,0,0,0
624,0.04,0.0,0.01,855.0,855.0,180.0,1578,1958,0.08,0.39,585,1,560,60,1,7.227886704613674,0,0,1,0,0,0,0
624,0.04,0.0,0.01,855.0,855.0,180.0,1578,1958,0.08,0.39,585,1,480,60,1,7.577491799837225,0,0,1,0,0,0,0
624,0.04,0.0,0.01,855.0,855.0,180.0,1578,1958,0.08,0.39,585,1,480,60,1,7.827369273053825,0,0,1,0,0,0,0
624,0.04,0.0,0.01,855.0,855.0,180.0,1578,1958,0.08,0.39,585,1,400,60,1,8.0,0,0,1,0,0,0,0
624,0.04,0.0,0.01,855.0,855.0,180.0,1578,1958,0.08,0.39,585,1,400,60,1,8.0,0,0,1,0,0,0,0
382,0.04,0.0,0.0,855.0,855.0,550.0,778,857,0.2,0.65,286,1,550,59,0,4.26245108973043,0,0,1,0,0,0,0
382,0.04,0.0,0.0,855.0,855.0,550.0,778,857,0.2,0.65,286,1,550,59,0,4.307496037913213,0,0,1,0,0,0,0
382,0.04,0.0,0.0,855.0,855.0,550.0,778,857,0.2,0.65,286,1,540,59,0,4.823474229170301,0,0,1,0,0,0,0
382,0.04,0.0,0.0,855.0,855.0,550.0,778,857,0.2,0.65,286,1,540,59,0,4.968482948553935,0,0,1,0,0,0,0
382,0.04,0.0,0.0,855.0,855.0,550.0,778,857,0.2,0.65,286,1,530,59,0,4.949877704036875,0,0,1,0,0,0,0
382,0.04,0.0,0.0,855.0,855.0,550.0,778,857,0.2,0.65,286,1,530,59,0,5.198657086954422,0,0,1,0,0,0,0
382,0.04,0.0,0.0,855.0,855.0,550.0,778,857,0.2,0.65,286,1,520,59,0,4.845098040014257,0,0,1,0,0,0,0
382,0.04,0.0,0.0,855.0,855.0,550.0,778,857,0.2,0.65,286,1,520,59,0,5.139879086401237,0,0,1,0,0,0,0
382,0.04,0.0,0.0,855.0,855.0,550.0,778,857,0.2,0.65,286,1,510,59,0,5.045322978786658,0,0,1,0,0,0,0
382,0.04,0.0,0.0,855.0,855.0,550.0,778,857,0.2,0.65,286,1,510,59,0,5.238046103128795,0,0,1,0,0,0,0
382,0.04,0.0,0.0,855.0,855.0,550.0,778,857,0.2,0.65,286,1,510,59,0,5.372912002970106,0,0,1,0,0,0,0
382,0.04,0.0,0.0,855.0,855.0,550.0,778,857,0.2,0.65,286,1,500,59,1,8.0,0,0,1,0,0,0,0
382,0.04,0.0,0.0,855.0,855.0,550.0,778,857,0.2,0.65,286,1,500,59,1,8.0,0,0,1,0,0,0,0
624,0.04,0.0,0.01,855.0,855.0,550.0,775,851,0.19,0.65,284,1,540,61,0,4.549003262025788,0,0,1,0,0,0,0
624,0.04,0.0,0.01,855.0,855.0,550.0,775,851,0.19,0.65,284,1,540,61,0,4.952308009662126,0,0,1,0,0,0,0
624,0.04,0.0,0.01,855.0,855.0,550.0,775,851,0.19,0.65,284,1,520,61,0,4.9084850188786495,0,0,1,0,0,0,0
624,0.04,0.0,0.01,855.0,855.0,550.0,775,851,0.19,0.65,284,1,520,61,0,5.298853076409706,0,0,1,0,0,0,0
624,0.04,0.0,0.01,855.0,855.0,550.0,775,851,0.19,0.65,284,1,500,61,0,5.093421685162235,0,0,1,0,0,0,0
624,0.04,0.0,0.01,855.0,855.0,550.0,775,851,0.19,0.65,284,1,500,61,0,6.385606273598312,0,0,1,0,0,0,0
624,0.04,0.0,0.01,855.0,855.0,550.0,775,851,0.19,0.65,284,1,490,61,0,5.574031267727719,0,0,1,0,0,0,0
624,0.04,0.0,0.01,855.0,855.0,550.0,775,851,0.19,0.65,284,1,490,61,0,6.549003262025788,0,0,1,0,0,0,0
624,0.04,0.0,0.01,855.0,855.0,550.0,775,851,0.19,0.65,284,1,480,61,0,6.753583058892906,0,0,1,0,0,0,0
624,0.04,0.0,0.01,855.0,855.0,550.0,775,851,0.19,0.65,284,1,480,61,1,8.0,0,0,1,0,0,0,0
624,0.04,0.0,0.01,855.0,855.0,550.0,775,851,0.19,0.65,284,1,470,61,0,5.698970004336019,0,0,1,0,0,0,0
624,0.04,0.0,0.01,855.0,855.0,550.0,775,851,0.19,0.65,284,1,470,61,0,6.962369335670021,0,0,1,0,0,0,0
624,0.04,0.0,0.01,855.0,855.0,550.0,775,851,0.19,0.65,284,1,470,61,1,8.0,0,0,1,0,0,0,0
624,0.04,0.0,0.01,855.0,855.0,550.0,775,851,0.19,0.65,284,1,460,61,1,8.0,0,0,1,0,0,0,0
382,0.04,0.0,0.0,855.0,855.0,180.0,1532,1909,0.07,0.33,585,1,1040,58,0,5.0,0,0,1,0,0,0,0
382,0.04,0.0,0.0,855.0,855.0,180.0,1532,1909,0.07,0.33,585,1,1040,58,0,5.892094602690481,0,0,1,0,0,0,0
382,0.04,0.0,0.0,855.0,855.0,180.0,1532,1909,0.07,0.33,585,1,960,58,0,6.2455126678141495,0,0,1,0,0,0,0
382,0.04,0.0,0.0,855.0,855.0,180.0,1532,1909,0.07,0.33,585,1,960,58,0,6.334453751150931,0,0,1,0,0,0,0
382,0.04,0.0,0.0,855.0,855.0,180.0,1532,1909,0.07,0.33,585,1,880,58,0,6.686636269262293,0,0,1,0,0,0,0
382,0.04,0.0,0.0,855.0,855.0,180.0,1532,1909,0.07,0.33,585,1,880,58,0,6.960946195733832,0,0,1,0,0,0,0
382,0.04,0.0,0.0,855.0,855.0,180.0,1532,1909,0.07,0.33,585,1,800,58,1,7.117271295655764,0,0,1,0,0,0,0
382,0.04,0.0,0.0,855.0,855.0,180.0,1532,1909,0.07,0.33,585,1,800,58,1,7.5910646070264995,0,0,1,0,0,0,0
382,0.04,0.0,0.0,855.0,855.0,180.0,1532,1909,0.07,0.33,585,1,720,58,1,7.752816431188271,0,0,1,0,0,0,0
382,0.04,0.0,0.0,855.0,855.0,180.0,1532,1909,0.07,0.33,585,1,720,58,1,8.301029995663981,0,0,1,0,0,0,0
382,0.04,0.0,0.0,855.0,855.0,180.0,1532,1909,0.07,0.33,585,1,720,58,1,9.305351369446624,0,0,1,0,0,0,0
382,0.04,0.0,0.0,855.0,855.0,180.0,1532,1909,0.07,0.33,585,1,680,58,1,10.0,0,0,1,0,0,0,0
382,0.04,0.0,0.0,855.0,855.0,180.0,1532,1909,0.07,0.33,585,1,680,58,1,10.0,0,0,1,0,0,0,0
624,0.04,0.0,0.01,855.0,855.0,180.0,1578,1958,0.08,0.39,585,1,1040,60,0,4.778151250383644,0,0,1,0,0,0,0
624,0.04,0.0,0.01,855.0,855.0,180.0,1578,1958,0.08,0.39,585,1,1040,60,0,4.903089986991944,0,0,1,0,0,0,0
624,0.04,0.0,0.01,855.0,855.0,180.0,1578,1958,0.08,0.39,585,1,1000,60,0,5.623249290397901,0,0,1,0,0,0,0
624,0.04,0.0,0.01,855.0,855.0,180.0,1578,1958,0.08,0.39,585,1,960,60,0,6.1003705451175625,0,0,1,0,0,0,0
624,0.04,0.0,0.01,855.0,855.0,180.0,1578,1958,0.08,0.39,585,1,960,60,0,6.181843587944773,0,0,1,0,0,0,0
624,0.04,0.0,0.01,855.0,855.0,180.0,1578,1958,0.08,0.39,585,1,880,60,0,6.2552725051033065,0,0,1,0,0,0,0
624,0.04,0.0,0.01,855.0,855.0,180.0,1578,1958,0.08,0.39,585,1,880,60,0,6.401400540781544,0,0,1,0,0,0,0
624,0.04,0.0,0.01,855.0,855.0,180.0,1578,1958,0.08,0.39,585,1,840,60,1,7.123851640967086,0,0,1,0,0,0,0
624,0.04,0.0,0.01,855.0,855.0,180.0,1578,1958,0.08,0.39,585,1,800,60,1,7.720985744153739,0,0,1,0,0,0,0
624,0.04,0.0,0.01,855.0,855.0,180.0,1578,1958,0.08,0.39,585,1,800,60,1,7.815577748324268,0,0,1,0,0,0,0
624,0.04,0.0,0.01,855.0,855.0,180.0,1578,1958,0.08,0.39,585,1,720,60,1,7.20682587603185,0,0,1,0,0,0,0
624,0.04,0.0,0.01,855.0,855.0,180.0,1578,1958,0.08,0.39,585,1,720,60,1,7.8567288903828825,0,0,1,0,0,0,0
624,0.04,0.0,0.01,855.0,855.0,180.0,1578,1958,0.08,0.39,585,1,640,60,0,6.688419822002711,0,0,1,0,0,0,0
624,0.04,0.0,0.01,855.0,855.0,180.0,1578,1958,0.08,0.39,585,1,640,60,1,7.4361626470407565,0,0,1,0,0,0,0
624,0.04,0.0,0.01,855.0,855.0,180.0,1578,1958,0.08,0.39,585,1,640,60,1,10.0,0,0,1,0,0,0,0
624,0.04,0.0,0.01,855.0,855.0,180.0,1578,1958,0.08,0.39,585,1,560,60,1,10.0,0,0,1,0,0,0,0
624,0.04,0.0,0.01,855.0,855.0,180.0,1578,1958,0.08,0.39,585,1,560,60,1,10.0,0,0,1,0,0,0,0
624,0.04,0.0,0.01,855.0,855.0,180.0,1578,1958,0.08,0.39,585,0,1040,60,0,4.380211241711606,0,0,1,0,0,0,0
624,0.04,0.0,0.01,855.0,855.0,180.0,1578,1958,0.08,0.39,585,0,1000,60,0,5.41161970596323,0,0,1,0,0,0,0
624,0.04,0.0,0.01,855.0,855.0,180.0,1578,1958,0.08,0.39,585,0,960,60,0,4.622214022966295,0,0,1,0,0,0,0
624,0.04,0.0,0.01,855.0,855.0,180.0,1578,1958,0.08,0.39,585,0,960,60,0,6.017033339298781,0,0,1,0,0,0,0
624,0.04,0.0,0.01,855.0,855.0,180.0,1578,1958,0.08,0.39,585,0,880,60,0,5.562292864456475,0,0,1,0,0,0,0
624,0.04,0.0,0.01,855.0,855.0,180.0,1578,1958,0.08,0.39,585,0,880,60,0,6.682145076373832,0,0,1,0,0,0,0
624,0.04,0.0,0.01,855.0,855.0,180.0,1578,1958,0.08,0.39,585,0,800,60,1,7.278753600952829,0,0,1,0,0,0,0
624,0.04,0.0,0.01,855.0,855.0,180.0,1578,1958,0.08,0.39,585,0,800,60,1,8.187520720836464,0,0,1,0,0,0,0
624,0.04,0.0,0.01,855.0,855.0,180.0,1578,1958,0.08,0.39,585,0,720,60,1,8.612783856719735,0,0,1,0,0,0,0
624,0.04,0.0,0.01,855.0,855.0,180.0,1578,1958,0.08,0.39,585,0,720,60,1,9.3654879848909,0,0,1,0,0,0,0
624,0.04,0.0,0.01,855.0,855.0,180.0,1578,1958,0.08,0.39,585,0,640,60,0,6.915927211697116,0,0,1,0,0,0,0
624,0.04,0.0,0.01,855.0,855.0,180.0,1578,1958,0.08,0.39,585,0,640,60,1,9.44870631990508,0,0,1,0,0,0,0
624,0.04,0.0,0.01,855.0,855.0,180.0,1578,1958,0.08,0.39,585,0,560,60,1,9.698970004336019,0,0,1,0,0,0,0
624,0.04,0.0,0.01,855.0,855.0,180.0,1578,1958,0.08,0.39,585,0,560,60,1,9.698970004336019,0,0,1,0,0,0,0
1740,0.07,0.0,0.0,845.0,845.0,550.0,822,923,0.2,0.61,297,0,600,94,0,4.994317152669637,0,0,0,1,0,0,0
1740,0.07,0.0,0.0,845.0,845.0,550.0,822,923,0.2,0.61,297,0,590,94,0,5.012837224705172,0,0,0,1,0,0,0
1740,0.07,0.0,0.0,845.0,845.0,550.0,822,923,0.2,0.61,297,0,590,94,0,5.089905111439398,0,0,0,1,0,0,0
1740,0.07,0.0,0.0,845.0,845.0,550.0,822,923,0.2,0.61,297,0,570,94,0,5.096910013008056,0,0,0,1,0,0,0
1740,0.07,0.0,0.0,845.0,845.0,550.0,822,923,0.2,0.61,297,0,570,94,0,5.17897694729317,0,0,0,1,0,0,0
1740,0.07,0.0,0.0,845.0,845.0,550.0,822,923,0.2,0.61,297,0,550,94,0,5.267171728403014,0,0,0,1,0,0,0
1740,0.07,0.0,0.0,845.0,845.0,550.0,822,923,0.2,0.61,297,0,550,94,0,5.365487984890899,0,0,0,1,0,0,0
1740,0.07,0.0,0.0,845.0,845.0,550.0,822,923,0.2,0.61,297,0,540,94,0,5.495544337546448,0,0,0,1,0,0,0
1740,0.07,0.0,0.0,845.0,845.0,550.0,822,923,0.2,0.61,297,0,540,94,0,5.569373909615046,0,0,0,1,0,0,0
1740,0.07,0.0,0.0,845.0,845.0,550.0,822,923,0.2,0.61,297,0,540,94,0,5.69810054562339,0,0,0,1,0,0,0
1740,0.07,0.0,0.0,845.0,845.0,550.0,822,923,0.2,0.61,297,0,530,94,0,5.626340367375042,0,0,0,1,0,0,0
1740,0.07,0.0,0.0,845.0,845.0,550.0,822,923,0.2,0.61,297,0,530,94,0,5.662757831681574,0,0,0,1,0,0,0
1740,0.07,0.0,0.0,845.0,845.0,550.0,822,923,0.2,0.61,297,0,520,94,0,5.8221680793680175,0,0,0,1,0,0,0
1740,0.07,0.0,0.0,845.0,845.0,550.0,822,923,0.2,0.61,297,0,520,94,0,5.8512583487190755,0,0,0,1,0,0,0
1740,0.07,0.0,0.0,845.0,845.0,550.0,822,923,0.2,0.61,297,0,520,94,1,7.326335860928752,0,0,0,1,0,0,0
1740,0.07,0.0,0.0,845.0,845.0,550.0,822,923,0.2,0.61,297,0,510,94,0,5.717670503002262,0,0,0,1,0,0,0
1740,0.07,0.0,0.0,845.0,845.0,550.0,822,923,0.2,0.61,297,0,510,94,0,5.898725181589493,0,0,0,1,0,0,0
1740,0.07,0.0,0.0,845.0,845.0,550.0,822,923,0.2,0.61,297,0,510,94,1,7.198657086954422,0,0,0,1,0,0,0
1740,0.07,0.0,0.0,845.0,845.0,550.0,822,923,0.2,0.61,297,0,500,94,1,7.235528446907549,0,0,0,1,0,0,0
1740,0.07,0.0,0.0,845.0,845.0,550.0,822,923,0.2,0.61,297,0,500,94,1,7.326335860928752,0,0,0,1,0,0,0
1740,0.07,0.0,0.0,845.0,845.0,550.0,822,923,0.2,0.61,297,0,500,94,1,7.326335860928752,0,0,0,1,0,0,0
1270,0.12,0.01,0.0,845.0,845.0,550.0,604,801,0.22,0.66,271,0,520,80,0,4.873320601815399,0,0,0,1,0,0,0
1270,0.12,0.01,0.0,845.0,845.0,550.0,604,801,0.22,0.66,271,0,520,80,0,4.898725181589493,0,0,0,1,0,0,0
1270,0.12,0.01,0.0,845.0,845.0,550.0,604,801,0.22,0.66,271,0,500,80,0,5.089905111439398,0,0,0,1,0,0,0
1270,0.12,0.01,0.0,845.0,845.0,550.0,604,801,0.22,0.66,271,0,500,80,0,5.1003705451175625,0,0,0,1,0,0,0
1270,0.12,0.01,0.0,845.0,845.0,550.0,604,801,0.22,0.66,271,0,490,80,0,5.107209969647869,0,0,0,1,0,0,0
1270,0.12,0.01,0.0,845.0,845.0,550.0,604,801,0.22,0.66,271,0,490,80,0,5.133538908370218,0,0,0,1,0,0,0
1270,0.12,0.01,0.0,845.0,845.0,550.0,604,801,0.22,0.66,271,0,480,80,0,5.209515014542631,0,0,0,1,0,0,0
1270,0.12,0.01,0.0,845.0,845.0,550.0,604,801,0.22,0.66,271,0,480,80,0,5.413299764081252,0,0,0,1,0,0,0
1270,0.12,0.01,0.0,845.0,845.0,550.0,604,801,0.22,0.66,271,0,470,80,0,5.318063334962762,0,0,0,1,0,0,0
1270,0.12,0.01,0.0,845.0,845.0,550.0,604,801,0.22,0.66,271,0,470,80,0,5.378397900948138,0,0,0,1,0,0,0
1270,0.12,0.01,0.0,845.0,845.0,550.0,604,801,0.22,0.66,271,0,460,80,0,5.3747483460101035,0,0,0,1,0,0,0
1270,0.12,0.01,0.0,845.0,845.0,550.0,604,801,0.22,0.66,271,0,460,80,0,5.945468585131819,0,0,0,1,0,0,0
1270,0.12,0.01,0.0,845.0,845.0,550.0,604,801,0.22,0.66,271,0,460,80,1,7.326335860928752,0,0,0,1,0,0,0
1270,0.12,0.01,0.0,845.0,845.0,550.0,604,801,0.22,0.66,271,0,450,80,0,5.586587304671755,0,0,0,1,0,0,0
1270,0.12,0.01,0.0,845.0,845.0,550.0,604,801,0.22,0.66,271,0,450,80,0,5.7450747915820575,0,0,0,1,0,0,0
1270,0.12,0.01,0.0,845.0,845.0,550.0,604,801,0.22,0.66,271,0,450,80,0,5.877371345869774,0,0,0,1,0,0,0
1270,0.12,0.01,0.0,845.0,845.0,550.0,604,801,0.22,0.66,271,0,440,80,1,7.326335860928752,0,0,0,1,0,0,0
1270,0.12,0.01,0.0,845.0,845.0,550.0,604,801,0.22,0.66,271,0,440,80,1,7.326335860928752,0,0,0,1,0,0,0
1270,0.12,0.01,0.0,845.0,845.0,550.0,604,801,0.22,0.66,271,0,440,80,1,7.326335860928752,0,0,0,1,0,0,0
610,0.06,0.0,0.01,845.0,845.0,550.0,692,874,0.2,0.59,289,0,580,65,0,4.523746466811565,0,0,0,1,0,0,0
610,0.06,0.0,0.01,845.0,845.0,550.0,692,874,0.2,0.59,289,0,560,65,0,4.812244696800369,0,0,0,1,0,0,0
610,0.06,0.0,0.01,845.0,845.0,550.0,692,874,0.2,0.59,289,0,540,65,0,4.4996870826184034,0,0,0,1,0,0,0
610,0.06,0.0,0.01,845.0,845.0,550.0,692,874,0.2,0.59,289,0,540,65,0,5.049218022670182,0,0,0,1,0,0,0
610,0.06,0.0,0.01,845.0,845.0,550.0,692,874,0.2,0.59,289,0,520,65,0,4.786041210242554,0,0,0,1,0,0,0
610,0.06,0.0,0.01,845.0,845.0,550.0,692,874,0.2,0.59,289,0,520,65,0,5.315970345456917,0,0,0,1,0,0,0
610,0.06,0.0,0.01,845.0,845.0,550.0,692,874,0.2,0.59,289,0,500,65,0,5.558708570533166,0,0,0,1,0,0,0
610,0.06,0.0,0.01,845.0,845.0,550.0,692,874,0.2,0.59,289,0,500,65,0,5.592176757395867,0,0,0,1,0,0,0
610,0.06,0.0,0.01,845.0,845.0,550.0,692,874,0.2,0.59,289,0,490,65,0,5.843855422623161,0,0,0,1,0,0,0
610,0.06,0.0,0.01,845.0,845.0,550.0,692,874,0.2,0.59,289,0,480,65,0,5.201397124320452,0,0,0,1,0,0,0
610,0.06,0.0,0.01,845.0,845.0,550.0,692,874,0.2,0.59,289,0,480,65,0,5.478566495593843,0,0,0,1,0,0,0
610,0.06,0.0,0.01,845.0,845.0,550.0,692,874,0.2,0.59,289,0,480,65,1,7.326335860928752,0,0,0,1,0,0,0
610,0.06,0.0,0.01,845.0,845.0,550.0,692,874,0.2,0.59,289,0,460,65,0,5.6464037262230695,0,0,0,1,0,0,0
610,0.06,0.0,0.01,845.0,845.0,550.0,692,874,0.2,0.59,289,0,460,65,1,7.326335860928752,0,0,0,1,0,0,0
610,0.06,0.0,0.01,845.0,845.0,550.0,692,874,0.2,0.59,289,0,460,65,1,7.326335860928752,0,0,0,1,0,0,0
610,0.06,0.0,0.01,845.0,845.0,550.0,692,874,0.2,0.59,289,0,450,65,0,5.841984804590114,0,0,0,1,0,0,0
610,0.06,0.0,0.01,845.0,845.0,550.0,692,874,0.2,0.59,289,0,440,65,1,7.326335860928752,0,0,0,1,0,0,0
610,0.06,0.0,0.01,845.0,845.0,550.0,692,874,0.2,0.59,289,0,440,65,1,7.326335860928752,0,0,0,1,0,0,0
610,0.06,0.0,0.01,845.0,845.0,550.0,692,874,0.2,0.59,289,0,440,65,1,7.326335860928752,0,0,0,1,0,0,0
825,0.1,0.03,0.01,845.0,845.0,550.0,572,809,0.22,0.63,258,0,520,71,0,4.594392550375427,0,0,0,1,0,0,0
825,0.1,0.03,0.01,845.0,845.0,550.0,572,809,0.22,0.63,258,0,520,71,0,4.696356388733332,0,0,0,1,0,0,0
825,0.1,0.03,0.01,845.0,845.0,550.0,572,809,0.22,0.63,258,0,500,71,0,4.982271233039568,0,0,0,1,0,0,0
825,0.1,0.03,0.01,845.0,845.0,550.0,572,809,0.22,0.63,258,0,500,71,0,5.021189299069938,0,0,0,1,0,0,0
825,0.1,0.03,0.01,845.0,845.0,550.0,572,809,0.22,0.63,258,0,480,71,0,5.399673721481038,0,0,0,1,0,0,0
825,0.1,0.03,0.01,845.0,845.0,550.0,572,809,0.22,0.63,258,0,480,71,0,5.429752280002408,0,0,0,1,0,0,0
825,0.1,0.03,0.01,845.0,845.0,550.0,572,809,0.22,0.63,258,0,470,71,0,5.338456493604605,0,0,0,1,0,0,0
825,0.1,0.03,0.01,845.0,845.0,550.0,572,809,0.22,0.63,258,0,470,71,0,5.445604203273597,0,0,0,1,0,0,0
825,0.1,0.03,0.01,845.0,845.0,550.0,572,809,0.22,0.63,258,0,460,71,0,5.622214022966295,0,0,0,1,0,0,0
825,0.1,0.03,0.01,845.0,845.0,550.0,572,809,0.22,0.63,258,0,460,71,0,5.8750612633917,0,0,0,1,0,0,0
825,0.1,0.03,0.01,845.0,845.0,550.0,572,809,0.22,0.63,258,0,450,71,0,5.876217840591642,0,0,0,1,0,0,0
825,0.1,0.03,0.01,845.0,845.0,550.0,572,809,0.22,0.63,258,0,450,71,1,7.326335860928752,0,0,0,1,0,0,0
825,0.1,0.03,0.01,845.0,845.0,550.0,572,809,0.22,0.63,258,0,440,71,0,5.980911937776844,0,0,0,1,0,0,0
825,0.1,0.03,0.01,845.0,845.0,550.0,572,809,0.22,0.63,258,0,440,71,1,7.326335860928752,0,0,0,1,0,0,0
825,0.1,0.03,0.01,845.0,845.0,550.0,572,809,0.22,0.63,258,0,440,71,1,7.326335860928752,0,0,0,1,0,0,0
825,0.1,0.03,0.01,845.0,845.0,550.0,572,809,0.22,0.63,258,0,430,71,1,7.326335860928752,0,0,0,1,0,0,0
825,0.1,0.03,0.01,845.0,845.0,550.0,572,809,0.22,0.63,258,0,430,71,1,7.326335860928752,0,0,0,1,0,0,0
825,0.1,0.03,0.01,845.0,845.0,550.0,572,809,0.22,0.63,258,0,430,71,1,7.326335860928752,0,0,0,1,0,0,0
825,0.1,0.03,0.01,845.0,845.0,550.0,572,809,0.22,0.63,258,0,420,71,1,7.079181246047625,0,0,0,1,0,0,0
825,0.1,0.03,0.01,845.0,845.0,550.0,572,809,0.22,0.63,258,0,420,71,1,7.326335860928752,0,0,0,1,0,0,0
825,0.1,0.03,0.01,845.0,845.0,550.0,572,809,0.22,0.63,258,0,420,71,1,7.326335860928752,0,0,0,1,0,0,0
825,0.1,0.03,0.01,845.0,845.0,550.0,572,809,0.22,0.63,258,0,410,71,1,7.326335860928752,0,0,0,1,0,0,0
825,0.1,0.03,0.01,845.0,845.0,550.0,572,809,0.22,0.63,258,0,410,71,1,7.326335860928752,0,0,0,1,0,0,0
825,0.1,0.03,0.01,845.0,845.0,550.0,572,809,0.22,0.63,258,0,410,71,1,7.326335860928752,0,0,0,1,0,0,0
825,0.11,0.04,0.0,845.0,845.0,550.0,557,766,0.23,0.67,254,0,500,74,0,4.4281347940287885,0,0,0,1,0,0,0
825,0.11,0.04,0.0,845.0,845.0,550.0,557,766,0.23,0.67,254,0,490,74,0,5.3979400086720375,0,0,0,1,0,0,0
825,0.11,0.04,0.0,845.0,845.0,550.0,557,766,0.23,0.67,254,0,490,74,0,5.477121254719663,0,0,0,1,0,0,0
825,0.11,0.04,0.0,845.0,845.0,550.0,557,766,0.23,0.67,254,0,480,74,0,4.588831725594207,0,0,0,1,0,0,0
825,0.11,0.04,0.0,845.0,845.0,550.0,557,766,0.23,0.67,254,0,480,74,0,4.725094521081469,0,0,0,1,0,0,0
825,0.11,0.04,0.0,845.0,845.0,550.0,557,766,0.23,0.67,254,0,470,74,0,4.995196291597179,0,0,0,1,0,0,0
825,0.11,0.04,0.0,845.0,845.0,550.0,557,766,0.23,0.67,254,0,470,74,0,5.913813852383717,0,0,0,1,0,0,0
825,0.11,0.04,0.0,845.0,845.0,550.0,557,766,0.23,0.67,254,0,460,74,0,5.27415784926368,0,0,0,1,0,0,0
825,0.11,0.04,0.0,845.0,845.0,550.0,557,766,0.23,0.67,254,0,460,74,0,6.247973266361806,0,0,0,1,0,0,0
825,0.11,0.04,0.0,845.0,845.0,550.0,557,766,0.23,0.67,254,0,450,74,0,5.281033367247727,0,0,0,1,0,0,0
825,0.11,0.04,0.0,845.0,845.0,550.0,557,766,0.23,0.67,254,0,450,74,0,5.338456493604605,0,0,0,1,0,0,0
825,0.11,0.04,0.0,845.0,845.0,550.0,557,766,0.23,0.67,254,0,440,74,0,5.408239965311849,0,0,0,1,0,0,0
825,0.11,0.04,0.0,845.0,845.0,550.0,557,766,0.23,0.67,254,0,440,74,0,5.66086547800387,0,0,0,1,0,0,0
825,0.11,0.04,0.0,845.0,845.0,550.0,557,766,0.23,0.67,254,0,440,74,1,7.326335860928752,0,0,0,1,0,0,0
825,0.11,0.04,0.0,845.0,845.0,550.0,557,766,0.23,0.67,254,0,430,74,0,5.619093330626742,0,0,0,1,0,0,0
825,0.11,0.04,0.0,845.0,845.0,550.0,557,766,0.23,0.67,254,0,430,74,1,7.326335860928752,0,0,0,1,0,0,0
825,0.11,0.04,0.0,845.0,845.0,550.0,557,766,0.23,0.67,254,0,430,74,1,7.326335860928752,0,0,0,1,0,0,0
825,0.11,0.04,0.0,845.0,845.0,550.0,557,766,0.23,0.67,254,0,420,74,1,7.326335860928752,0,0,0,1,0,0,0
825,0.11,0.04,0.0,845.0,845.0,550.0,557,766,0.23,0.67,254,0,420,74,1,7.326335860928752,0,0,0,1,0,0,0
825,0.11,0.04,0.0,845.0,845.0,550.0,557,766,0.23,0.67,254,0,420,74,1,7.326335860928752,0,0,0,1,0,0,0
825,0.11,0.04,0.0,845.0,845.0,550.0,557,766,0.23,0.67,254,0,420,74,1,7.326335860928752,0,0,0,1,0,0,0
1740,0.08,0.0,0.0,845.0,845.0,550.0,820,929,0.2,0.2,298,0,600,97,0,4.756636108245848,0,0,0,1,0,0,0
1740,0.08,0.0,0.0,845.0,845.0,550.0,820,929,0.2,0.2,298,0,600,97,0,4.893206753059848,0,0,0,1,0,0,0
1740,0.08,0.0,0.0,845.0,845.0,550.0,820,929,0.2,0.2,298,0,600,97,0,4.984527313343793,0,0,0,1,0,0,0
1740,0.08,0.0,0.0,845.0,845.0,550.0,820,929,0.2,0.2,298,0,585,97,0,4.983175072037813,0,0,0,1,0,0,0
1740,0.08,0.0,0.0,845.0,845.0,550.0,820,929,0.2,0.2,298,0,585,97,0,5.143014800254095,0,0,0,1,0,0,0
1740,0.08,0.0,0.0,845.0,845.0,550.0,820,929,0.2,0.2,298,0,570,97,0,5.232996110392154,0,0,0,1,0,0,0
1740,0.08,0.0,0.0,845.0,845.0,550.0,820,929,0.2,0.2,298,0,570,97,0,5.271841606536499,0,0,0,1,0,0,0
1740,0.08,0.0,0.0,845.0,845.0,550.0,820,929,0.2,0.2,298,0,555,97,0,5.2576785748691846,0,0,0,1,0,0,0
1740,0.08,0.0,0.0,845.0,845.0,550.0,820,929,0.2,0.2,298,0,555,97,0,5.378397900948138,0,0,0,1,0,0,0
1740,0.08,0.0,0.0,845.0,845.0,550.0,820,929,0.2,0.2,298,0,540,97,0,5.429752280002408,0,0,0,1,0,0,0
1740,0.08,0.0,0.0,845.0,845.0,550.0,820,929,0.2,0.2,298,0,540,97,0,5.511883360978874,0,0,0,1,0,0,0
1740,0.08,0.0,0.0,845.0,845.0,550.0,820,929,0.2,0.2,298,0,540,97,0,5.745855195173729,0,0,0,1,0,0,0
1740,0.08,0.0,0.0,845.0,845.0,550.0,820,929,0.2,0.2,298,0,540,97,0,5.776701183988411,0,0,0,1,0,0,0
1740,0.08,0.0,0.0,845.0,845.0,550.0,820,929,0.2,0.2,298,0,525,97,0,5.636487896353366,0,0,0,1,0,0,0
1740,0.08,0.0,0.0,845.0,845.0,550.0,820,929,0.2,0.2,298,0,525,97,0,5.801403710017355,0,0,0,1,0,0,0
1740,0.08,0.0,0.0,845.0,845.0,550.0,820,929,0.2,0.2,298,0,510,97,0,5.57287160220048,0,0,0,1,0,0,0
1740,0.08,0.0,0.0,845.0,845.0,550.0,820,929,0.2,0.2,298,0,510,97,0,5.722633922533812,0,0,0,1,0,0,0
1740,0.08,0.0,0.0,845.0,845.0,550.0,820,929,0.2,0.2,298,0,510,97,0,6.004321373782642,0,0,0,1,0,0,0
1740,0.08,0.0,0.0,845.0,845.0,550.0,820,929,0.2,0.2,298,0,495,97,1,7.326335860928752,0,0,0,1,0,0,0
1740,0.08,0.0,0.0,845.0,845.0,550.0,820,929,0.2,0.2,298,0,495,97,1,7.326335860928752,0,0,0,1,0,0,0
1740,0.08,0.0,0.0,845.0,845.0,550.0,820,929,0.2,0.2,298,0,495,97,1,7.326335860928752,0,0,0,1,0,0,0
1740,0.06,0.0,0.0,845.0,845.0,550.0,701,843,0.21,0.66,278,0,560,88,0,4.7435097647284294,0,0,0,1,0,0,0
1740,0.06,0.0,0.0,845.0,845.0,550.0,701,843,0.21,0.66,278,0,560,88,0,4.825426117767823,0,0,0,1,0,0,0
1740,0.06,0.0,0.0,845.0,845.0,550.0,701,843,0.21,0.66,278,0,540,88,0,4.987666264926275,0,0,0,1,0,0,0
1740,0.06,0.0,0.0,845.0,845.0,550.0,701,843,0.21,0.66,278,0,540,88,0,5.02938377768521,0,0,0,1,0,0,0
1740,0.06,0.0,0.0,845.0,845.0,550.0,701,843,0.21,0.66,278,0,520,88,0,5.238046103128795,0,0,0,1,0,0,0
1740,0.06,0.0,0.0,845.0,845.0,550.0,701,843,0.21,0.66,278,0,520,88,0,5.2455126678141495,0,0,0,1,0,0,0
1740,0.06,0.0,0.0,845.0,845.0,550.0,701,843,0.21,0.66,278,0,500,88,0,5.487138375477186,0,0,0,1,0,0,0
1740,0.06,0.0,0.0,845.0,845.0,550.0,701,843,0.21,0.66,278,0,500,88,0,5.593286067020458,0,0,0,1,0,0,0
1740,0.06,0.0,0.0,845.0,845.0,550.0,701,843,0.21,0.66,278,0,490,88,0,5.531478917042255,0,0,0,1,0,0,0
1740,0.06,0.0,0.0,845.0,845.0,550.0,701,843,0.21,0.66,278,0,490,88,0,5.63748972951251,0,0,0,1,0,0,0
1740,0.06,0.0,0.0,845.0,845.0,550.0,701,843,0.21,0.66,278,0,480,88,0,5.972202838379064,0,0,0,1,0,0,0
1740,0.06,0.0,0.0,845.0,845.0,550.0,701,843,0.21,0.66,278,0,480,88,1,7.320146286111054,0,0,0,1,0,0,0
1740,0.06,0.0,0.0,845.0,845.0,550.0,701,843,0.21,0.66,278,0,480,88,1,7.326335860928752,0,0,0,1,0,0,0
1740,0.06,0.0,0.0,845.0,845.0,550.0,701,843,0.21,0.66,278,0,470,88,0,5.983175072037813,0,0,0,1,0,0,0
1740,0.06,0.0,0.0,845.0,845.0,550.0,701,843,0.21,0.66,278,0,470,88,0,5.984077033902831,0,0,0,1,0,0,0
1740,0.06,0.0,0.0,845.0,845.0,550.0,701,843,0.21,0.66,278,0,470,88,1,7.326335860928752,0,0,0,1,0,0,0
1740,0.06,0.0,0.0,845.0,845.0,550.0,701,843,0.21,0.66,278,0,460,88,1,7.326335860928752,0,0,0,1,0,0,0
1740,0.06,0.0,0.0,845.0,845.0,550.0,701,843,0.21,0.66,278,0,460,88,1,7.326335860928752,0,0,0,1,0,0,0
1740,0.06,0.0,0.0,845.0,845.0,550.0,701,843,0.21,0.66,278,0,460,88,1,7.326335860928752,0,0,0,1,0,0,0
610,0.09,0.0,0.04,845.0,845.0,550.0,769,925,0.18,0.57,301,0,600,68,0,4.8221680793680175,0,0,0,1,0,0,0
610,0.09,0.0,0.04,845.0,845.0,550.0,769,925,0.18,0.57,301,0,580,68,0,5.033423755486949,0,0,0,1,0,0,0
610,0.09,0.0,0.04,845.0,845.0,550.0,769,925,0.18,0.57,301,0,560,68,0,4.585460729508501,0,0,0,1,0,0,0
610,0.09,0.0,0.04,845.0,845.0,550.0,769,925,0.18,0.57,301,0,560,68,0,5.079181246047625,0,0,0,1,0,0,0
610,0.09,0.0,0.04,845.0,845.0,550.0,769,925,0.18,0.57,301,0,560,68,0,5.238046103128795,0,0,0,1,0,0,0
610,0.09,0.0,0.04,845.0,845.0,550.0,769,925,0.18,0.57,301,0,540,68,0,4.968482948553935,0,0,0,1,0,0,0
610,0.09,0.0,0.04,845.0,845.0,550.0,769,925,0.18,0.57,301,0,540,68,0,5.450249108319361,0,0,0,1,0,0,0
610,0.09,0.0,0.04,845.0,845.0,550.0,769,925,0.18,0.57,301,0,520,68,0,5.61066016308988,0,0,0,1,0,0,0
610,0.09,0.0,0.04,845.0,845.0,550.0,769,925,0.18,0.57,301,0,520,68,0,5.724275869600789,0,0,0,1,0,0,0
610,0.09,0.0,0.04,845.0,845.0,550.0,769,925,0.18,0.57,301,0,500,68,0,5.5820633629117085,0,0,0,1,0,0,0
610,0.09,0.0,0.04,845.0,845.0,550.0,769,925,0.18,0.57,301,0,500,68,0,5.823474229170301,0,0,0,1,0,0,0
610,0.09,0.0,0.04,845.0,845.0,550.0,769,925,0.18,0.57,301,0,490,68,0,5.892094602690481,0,0,0,1,0,0,0
610,0.09,0.0,0.04,845.0,845.0,550.0,769,925,0.18,0.57,301,0,490,68,0,6.3979400086720375,0,0,0,1,0,0,0
610,0.09,0.0,0.04,845.0,845.0,550.0,769,925,0.18,0.57,301,0,490,68,1,7.326335860928752,0,0,0,1,0,0,0
610,0.09,0.0,0.04,845.0,845.0,550.0,769,925,0.18,0.57,301,0,480,68,0,5.8394780473741985,0,0,0,1,0,0,0
610,0.09,0.0,0.04,845.0,845.0,550.0,769,925,0.18,0.57,301,0,480,68,1,7.326335860928752,0,0,0,1,0,0,0
610,0.09,0.0,0.04,845.0,845.0,550.0,769,925,0.18,0.57,301,0,480,68,1,7.326335860928752,0,0,0,1,0,0,0
610,0.09,0.0,0.04,845.0,845.0,550.0,769,925,0.18,0.57,301,0,470,68,1,7.326335860928752,0,0,0,1,0,0,0
610,0.09,0.0,0.04,845.0,845.0,550.0,769,925,0.18,0.57,301,0,470,68,1,7.326335860928752,0,0,0,1,0,0,0
610,0.09,0.0,0.04,845.0,845.0,550.0,769,925,0.18,0.57,301,0,470,68,1,7.326335860928752,0,0,0,1,0,0,0
1270,0.04,0.01,0.0,845.0,845.0,550.0,611,819,0.22,0.63,255,0,520,77,0,4.701567985055927,0,0,0,1,0,0,0
1270,0.04,0.01,0.0,845.0,845.0,550.0,611,819,0.22,0.63,255,0,520,77,0,5.041392685158225,0,0,0,1,0,0,0
1270,0.04,0.01,0.0,845.0,845.0,550.0,611,819,0.22,0.63,255,0,500,77,0,5.1003705451175625,0,0,0,1,0,0,0
1270,0.04,0.01,0.0,845.0,845.0,550.0,611,819,0.22,0.63,255,0,500,77,0,5.173186268412274,0,0,0,1,0,0,0
1270,0.04,0.01,0.0,845.0,845.0,550.0,611,819,0.22,0.63,255,0,490,77,0,5.164352855784437,0,0,0,1,0,0,0
1270,0.04,0.01,0.0,845.0,845.0,550.0,611,819,0.22,0.63,255,0,490,77,0,5.269512944217916,0,0,0,1,0,0,0
1270,0.04,0.01,0.0,845.0,845.0,550.0,611,819,0.22,0.63,255,0,480,77,0,5.4623979978989565,0,0,0,1,0,0,0
1270,0.04,0.01,0.0,845.0,845.0,550.0,611,819,0.22,0.63,255,0,480,77,0,5.506505032404872,0,0,0,1,0,0,0
1270,0.04,0.01,0.0,845.0,845.0,550.0,611,819,0.22,0.63,255,0,470,77,0,5.489958479424835,0,0,0,1,0,0,0
1270,0.04,0.01,0.0,845.0,845.0,550.0,611,819,0.22,0.63,255,0,470,77,0,5.662757831681574,0,0,0,1,0,0,0
1270,0.04,0.01,0.0,845.0,845.0,550.0,611,819,0.22,0.63,255,0,460,77,0,5.8444771757456815,0,0,0,1,0,0,0
1270,0.04,0.01,0.0,845.0,845.0,550.0,611,819,0.22,0.63,255,0,460,77,0,5.859738566197147,0,0,0,1,0,0,0
1270,0.04,0.01,0.0,845.0,845.0,550.0,611,819,0.22,0.63,255,0,460,77,0,6.079181246047625,0,0,0,1,0,0,0
1270,0.04,0.01,0.0,845.0,845.0,550.0,611,819,0.22,0.63,255,0,450,77,0,5.948901760970213,0,0,0,1,0,0,0
1270,0.04,0.01,0.0,845.0,845.0,550.0,611,819,0.22,0.63,255,0,450,77,1,7.326335860928752,0,0,0,1,0,0,0
1270,0.04,0.01,0.0,845.0,845.0,550.0,611,819,0.22,0.63,255,0,450,77,1,7.326335860928752,0,0,0,1,0,0,0
1270,0.04,0.01,0.0,845.0,845.0,550.0,611,819,0.22,0.63,255,0,440,77,1,7.326335860928752,0,0,0,1,0,0,0
1270,0.04,0.01,0.0,845.0,845.0,550.0,611,819,0.22,0.63,255,0,440,77,1,7.326335860928752,0,0,0,1,0,0,0
1270,0.04,0.01,0.0,845.0,845.0,550.0,611,819,0.22,0.63,255,0,440,77,1,7.326335860928752,0,0,0,1,0,0,0
1740,0.07,0.0,0.0,845.0,845.0,600.0,727,828,0.22,0.64,266,0,520,95,0,5.02938377768521,0,0,0,1,0,0,0
1740,0.07,0.0,0.0,845.0,845.0,600.0,727,828,0.22,0.64,266,0,520,95,0,5.173186268412274,0,0,0,1,0,0,0
1740,0.07,0.0,0.0,845.0,845.0,600.0,727,828,0.22,0.64,266,0,510,95,0,5.193124598354461,0,0,0,1,0,0,0
1740,0.07,0.0,0.0,845.0,845.0,600.0,727,828,0.22,0.64,266,0,510,95,0,5.338456493604605,0,0,0,1,0,0,0
1740,0.07,0.0,0.0,845.0,845.0,600.0,727,828,0.22,0.64,266,0,500,95,0,5.309630167425898,0,0,0,1,0,0,0
1740,0.07,0.0,0.0,845.0,845.0,600.0,727,828,0.22,0.64,266,0,500,95,0,5.326335860928752,0,0,0,1,0,0,0
1740,0.07,0.0,0.0,845.0,845.0,600.0,727,828,0.22,0.64,266,0,490,95,0,5.52244423350632,0,0,0,1,0,0,0
1740,0.07,0.0,0.0,845.0,845.0,600.0,727,828,0.22,0.64,266,0,490,95,0,5.706717782336758,0,0,0,1,0,0,0
1740,0.07,0.0,0.0,845.0,845.0,600.0,727,828,0.22,0.64,266,0,480,95,0,5.830588668685144,0,0,0,1,0,0,0
1740,0.07,0.0,0.0,845.0,845.0,600.0,727,828,0.22,0.64,266,0,480,95,0,5.861534410859038,0,0,0,1,0,0,0
1740,0.07,0.0,0.0,845.0,845.0,600.0,727,828,0.22,0.64,266,0,470,95,0,5.680335513414564,0,0,0,1,0,0,0
1740,0.07,0.0,0.0,845.0,845.0,600.0,727,828,0.22,0.64,266,0,470,95,0,5.881384656770573,0,0,0,1,0,0,0
1740,0.07,0.0,0.0,845.0,845.0,600.0,727,828,0.22,0.64,266,0,470,95,0,5.888179493918325,0,0,0,1,0,0,0
1740,0.07,0.0,0.0,845.0,845.0,600.0,727,828,0.22,0.64,266,0,460,95,0,6.152288344383057,0,0,0,1,0,0,0
1740,0.07,0.0,0.0,845.0,845.0,600.0,727,828,0.22,0.64,266,0,460,95,0,6.904174368284163,0,0,0,1,0,0,0
1740,0.07,0.0,0.0,845.0,845.0,600.0,727,828,0.22,0.64,266,0,460,95,1,7.326335860928752,0,0,0,1,0,0,0
1740,0.07,0.0,0.0,845.0,845.0,600.0,727,828,0.22,0.64,266,0,450,95,1,7.305351369446623,0,0,0,1,0,0,0
1740,0.07,0.0,0.0,845.0,845.0,600.0,727,828,0.22,0.64,266,0,450,95,1,7.326335860928752,0,0,0,1,0,0,0
1740,0.07,0.0,0.0,845.0,845.0,600.0,727,828,0.22,0.64,266,0,450,95,1,7.326335860928752,0,0,0,1,0,0,0
1740,0.07,0.0,0.0,845.0,845.0,600.0,727,828,0.22,0.64,266,0,450,95,1,7.326335860928752,0,0,0,1,0,0,0
1740,0.07,0.0,0.0,845.0,845.0,600.0,727,828,0.22,0.64,266,0,450,95,1,7.326335860928752,0,0,0,1,0,0,0
610,0.06,0.0,0.01,845.0,845.0,600.0,626,812,0.23,0.64,260,0,520,66,0,4.676693609624866,0,0,0,1,0,0,0
610,0.06,0.0,0.01,845.0,845.0,600.0,626,812,0.23,0.64,260,0,520,66,0,4.758911892397974,0,0,0,1,0,0,0
610,0.06,0.0,0.01,845.0,845.0,600.0,626,812,0.23,0.64,260,0,500,66,0,4.598790506763115,0,0,0,1,0,0,0
610,0.06,0.0,0.01,845.0,845.0,600.0,626,812,0.23,0.64,260,0,500,66,0,5.012837224705172,0,0,0,1,0,0,0
610,0.06,0.0,0.01,845.0,845.0,600.0,626,812,0.23,0.64,260,0,500,66,0,5.060697840353612,0,0,0,1,0,0,0
610,0.06,0.0,0.01,845.0,845.0,600.0,626,812,0.23,0.64,260,0,480,66,0,5.290034611362518,0,0,0,1,0,0,0
610,0.06,0.0,0.01,845.0,845.0,600.0,626,812,0.23,0.64,260,0,480,66,0,5.363611979892144,0,0,0,1,0,0,0
610,0.06,0.0,0.01,845.0,845.0,600.0,626,812,0.23,0.64,260,0,460,66,0,5.08278537031645,0,0,0,1,0,0,0
610,0.06,0.0,0.01,845.0,845.0,600.0,626,812,0.23,0.64,260,0,460,66,0,5.580924975675619,0,0,0,1,0,0,0
610,0.06,0.0,0.01,845.0,845.0,600.0,626,812,0.23,0.64,260,0,440,66,0,5.559906625036112,0,0,0,1,0,0,0
610,0.06,0.0,0.01,845.0,845.0,600.0,626,812,0.23,0.64,260,0,440,66,0,6.305351369446623,0,0,0,1,0,0,0
610,0.06,0.0,0.01,845.0,845.0,600.0,626,812,0.23,0.64,260,0,440,66,1,7.326335860928752,0,0,0,1,0,0,0
610,0.06,0.0,0.01,845.0,845.0,600.0,626,812,0.23,0.64,260,0,430,66,1,7.326335860928752,0,0,0,1,0,0,0
610,0.06,0.0,0.01,845.0,845.0,600.0,626,812,0.23,0.64,260,0,430,66,1,7.326335860928752,0,0,0,1,0,0,0
610,0.06,0.0,0.01,845.0,845.0,600.0,626,812,0.23,0.64,260,0,430,66,1,7.326335860928752,0,0,0,1,0,0,0
610,0.06,0.0,0.01,845.0,845.0,600.0,626,812,0.23,0.64,260,0,420,66,0,5.733999286538387,0,0,0,1,0,0,0
610,0.06,0.0,0.01,845.0,845.0,600.0,626,812,0.23,0.64,260,0,420,66,1,7.326335860928752,0,0,0,1,0,0,0
610,0.06,0.0,0.01,845.0,845.0,600.0,626,812,0.23,0.64,260,0,420,66,1,7.326335860928752,0,0,0,1,0,0,0
610,0.06,0.0,0.01,845.0,845.0,600.0,626,812,0.23,0.64,260,0,410,66,1,7.326335860928752,0,0,0,1,0,0,0
610,0.06,0.0,0.01,845.0,845.0,600.0,626,812,0.23,0.64,260,0,410,66,1,7.326335860928752,0,0,0,1,0,0,0
610,0.06,0.0,0.01,845.0,845.0,600.0,626,812,0.23,0.64,260,0,410,66,1,7.326335860928752,0,0,0,1,0,0,0
825,0.1,0.03,0.01,845.0,845.0,600.0,538,760,0.25,0.66,239,0,480,72,0,4.72916478969277,0,0,0,1,0,0,0
825,0.1,0.03,0.01,845.0,845.0,600.0,538,760,0.25,0.66,239,0,480,72,0,4.90200289135073,0,0,0,1,0,0,0
825,0.1,0.03,0.01,845.0,845.0,600.0,538,760,0.25,0.66,239,0,460,72,0,5.214843848047698,0,0,0,1,0,0,0
825,0.1,0.03,0.01,845.0,845.0,600.0,538,760,0.25,0.66,239,0,460,72,0,5.243038048686294,0,0,0,1,0,0,0
825,0.1,0.03,0.01,845.0,845.0,600.0,538,760,0.25,0.66,239,0,450,72,0,5.361727836017593,0,0,0,1,0,0,0
825,0.1,0.03,0.01,845.0,845.0,600.0,538,760,0.25,0.66,239,0,450,72,0,5.3747483460101035,0,0,0,1,0,0,0
825,0.1,0.03,0.01,845.0,845.0,600.0,538,760,0.25,0.66,239,0,440,72,0,5.243038048686294,0,0,0,1,0,0,0
825,0.1,0.03,0.01,845.0,845.0,600.0,538,760,0.25,0.66,239,0,440,72,0,5.507855871695831,0,0,0,1,0,0,0
825,0.1,0.03,0.01,845.0,845.0,600.0,538,760,0.25,0.66,239,0,430,72,0,5.68304703823885,0,0,0,1,0,0,0
825,0.1,0.03,0.01,845.0,845.0,600.0,538,760,0.25,0.66,239,0,430,72,0,5.984527313343793,0,0,0,1,0,0,0
825,0.1,0.03,0.01,845.0,845.0,600.0,538,760,0.25,0.66,239,0,420,72,0,5.68304703823885,0,0,0,1,0,0,0
825,0.1,0.03,0.01,845.0,845.0,600.0,538,760,0.25,0.66,239,0,420,72,0,5.683947130751513,0,0,0,1,0,0,0
825,0.1,0.03,0.01,845.0,845.0,600.0,538,760,0.25,0.66,239,0,420,72,0,6.012837224705172,0,0,0,1,0,0,0
825,0.1,0.03,0.01,845.0,845.0,600.0,538,760,0.25,0.66,239,0,410,72,1,7.326335860928752,0,0,0,1,0,0,0
825,0.1,0.03,0.01,845.0,845.0,600.0,538,760,0.25,0.66,239,0,410,72,1,7.326335860928752,0,0,0,1,0,0,0
825,0.1,0.03,0.01,845.0,845.0,600.0,538,760,0.25,0.66,239,0,410,72,1,7.326335860928752,0,0,0,1,0,0,0
825,0.1,0.03,0.01,845.0,845.0,600.0,538,760,0.25,0.66,239,0,400,72,1,7.008600171761918,0,0,0,1,0,0,0
825,0.1,0.03,0.01,845.0,845.0,600.0,538,760,0.25,0.66,239,0,400,72,1,7.326335860928752,0,0,0,1,0,0,0
825,0.1,0.03,0.01,845.0,845.0,600.0,538,760,0.25,0.66,239,0,400,72,1,7.326335860928752,0,0,0,1,0,0,0
825,0.1,0.03,0.01,845.0,845.0,600.0,538,760,0.25,0.66,239,0,390,72,1,7.326335860928752,0,0,0,1,0,0,0
825,0.1,0.03,0.01,845.0,845.0,600.0,538,760,0.25,0.66,239,0,390,72,1,7.326335860928752,0,0,0,1,0,0,0
825,0.1,0.03,0.01,845.0,845.0,600.0,538,760,0.25,0.66,239,0,390,72,1,7.326335860928752,0,0,0,1,0,0,0
825,0.11,0.04,0.0,845.0,845.0,600.0,518,717,0.25,0.67,232,0,450,75,0,4.7774268223893115,0,0,0,1,0,0,0
825,0.11,0.04,0.0,845.0,845.0,600.0,518,717,0.25,0.67,232,0,450,75,0,5.318063334962762,0,0,0,1,0,0,0
825,0.11,0.04,0.0,845.0,845.0,600.0,518,717,0.25,0.67,232,0,440,75,0,5.037426497940624,0,0,0,1,0,0,0
825,0.11,0.04,0.0,845.0,845.0,600.0,518,717,0.25,0.67,232,0,440,75,0,5.681241237375588,0,0,0,1,0,0,0
825,0.11,0.04,0.0,845.0,845.0,600.0,518,717,0.25,0.67,232,0,430,75,0,5.2878017299302265,0,0,0,1,0,0,0
825,0.11,0.04,0.0,845.0,845.0,600.0,518,717,0.25,0.67,232,0,430,75,1,7.326335860928752,0,0,0,1,0,0,0
825,0.11,0.04,0.0,845.0,845.0,600.0,518,717,0.25,0.67,232,0,420,75,0,4.951337518795918,0,0,0,1,0,0,0
825,0.11,0.04,0.0,845.0,845.0,600.0,518,717,0.25,0.67,232,0,420,75,0,5.330413773349191,0,0,0,1,0,0,0
825,0.11,0.04,0.0,845.0,845.0,600.0,518,717,0.25,0.67,232,0,410,75,0,6.049218022670182,0,0,0,1,0,0,0
825,0.11,0.04,0.0,845.0,845.0,600.0,518,717,0.25,0.67,232,0,410,75,0,6.155336037465061,0,0,0,1,0,0,0
825,0.11,0.04,0.0,845.0,845.0,600.0,518,717,0.25,0.67,232,0,410,75,1,7.326335860928752,0,0,0,1,0,0,0
825,0.11,0.04,0.0,845.0,845.0,600.0,518,717,0.25,0.67,232,0,400,75,0,5.974971994298069,0,0,0,1,0,0,0
825,0.11,0.04,0.0,845.0,845.0,600.0,518,717,0.25,0.67,232,0,400,75,0,6.396199347095736,0,0,0,1,0,0,0
825,0.11,0.04,0.0,845.0,845.0,600.0,518,717,0.25,0.67,232,0,400,75,1,7.326335860928752,0,0,0,1,0,0,0
825,0.11,0.04,0.0,845.0,845.0,600.0,518,717,0.25,0.67,232,0,390,75,0,5.6464037262230695,0,0,0,1,0,0,0
825,0.11,0.04,0.0,845.0,845.0,600.0,518,717,0.25,0.67,232,0,390,75,0,5.804139432335351,0,0,0,1,0,0,0
825,0.11,0.04,0.0,845.0,845.0,600.0,518,717,0.25,0.67,232,0,390,75,1,7.326335860928752,0,0,0,1,0,0,0
825,0.11,0.04,0.0,845.0,845.0,600.0,518,717,0.25,0.67,232,0,390,75,1,7.326335860928752,0,0,0,1,0,0,0
825,0.11,0.04,0.0,845.0,845.0,600.0,518,717,0.25,0.67,232,0,380,75,1,7.326335860928752,0,0,0,1,0,0,0
825,0.11,0.04,0.0,845.0,845.0,600.0,518,717,0.25,0.67,232,0,380,75,1,7.326335860928752,0,0,0,1,0,0,0
825,0.11,0.04,0.0,845.0,845.0,600.0,518,717,0.25,0.67,232,0,380,75,1,7.326335860928752,0,0,0,1,0,0,0
825,0.11,0.04,0.0,845.0,845.0,600.0,518,717,0.25,0.67,232,0,380,75,1,7.326335860928752,0,0,0,1,0,0,0
610,0.04,0.0,0.03,845.0,845.0,600.0,625,806,0.25,0.65,256,0,520,63,0,4.480006942957151,0,0,0,1,0,0,0
610,0.04,0.0,0.03,845.0,845.0,600.0,625,806,0.25,0.65,256,0,520,63,0,4.532754378992498,0,0,0,1,0,0,0
610,0.04,0.0,0.03,845.0,845.0,600.0,625,806,0.25,0.65,256,0,500,63,0,4.8779469516291885,0,0,0,1,0,0,0
610,0.04,0.0,0.03,845.0,845.0,600.0,625,806,0.25,0.65,256,0,500,63,0,4.926856708949693,0,0,0,1,0,0,0
610,0.04,0.0,0.03,845.0,845.0,600.0,625,806,0.25,0.65,256,0,490,63,0,4.8904210188009145,0,0,0,1,0,0,0
610,0.04,0.0,0.03,845.0,845.0,600.0,625,806,0.25,0.65,256,0,490,63,0,4.958563883221967,0,0,0,1,0,0,0
610,0.04,0.0,0.03,845.0,845.0,600.0,625,806,0.25,0.65,256,0,480,63,0,5.155336037465061,0,0,0,1,0,0,0
610,0.04,0.0,0.03,845.0,845.0,600.0,625,806,0.25,0.65,256,0,480,63,0,5.2576785748691846,0,0,0,1,0,0,0
610,0.04,0.0,0.03,845.0,845.0,600.0,625,806,0.25,0.65,256,0,470,63,0,5.298853076409706,0,0,0,1,0,0,0
610,0.04,0.0,0.03,845.0,845.0,600.0,625,806,0.25,0.65,256,0,470,63,0,5.365487984890899,0,0,0,1,0,0,0
610,0.04,0.0,0.03,845.0,845.0,600.0,625,806,0.25,0.65,256,0,460,63,0,5.442479769064448,0,0,0,1,0,0,0
610,0.04,0.0,0.03,845.0,845.0,600.0,625,806,0.25,0.65,256,0,460,63,0,5.511883360978874,0,0,0,1,0,0,0
610,0.04,0.0,0.03,845.0,845.0,600.0,625,806,0.25,0.65,256,0,450,63,0,5.575187844927661,0,0,0,1,0,0,0
610,0.04,0.0,0.03,845.0,845.0,600.0,625,806,0.25,0.65,256,0,450,63,0,5.622214022966295,0,0,0,1,0,0,0
610,0.04,0.0,0.03,845.0,845.0,600.0,625,806,0.25,0.65,256,0,450,63,0,5.872738827472669,0,0,0,1,0,0,0
610,0.04,0.0,0.03,845.0,845.0,600.0,625,806,0.25,0.65,256,0,440,63,0,5.883661435153617,0,0,0,1,0,0,0
610,0.04,0.0,0.03,845.0,845.0,600.0,625,806,0.25,0.65,256,0,440,63,1,7.326335860928752,0,0,0,1,0,0,0
610,0.04,0.0,0.03,845.0,845.0,600.0,625,806,0.25,0.65,256,0,440,63,1,7.326335860928752,0,0,0,1,0,0,0
610,0.04,0.0,0.03,845.0,845.0,600.0,625,806,0.25,0.65,256,0,430,63,1,7.326335860928752,0,0,0,1,0,0,0
610,0.04,0.0,0.03,845.0,845.0,600.0,625,806,0.25,0.65,256,0,430,63,1,7.326335860928752,0,0,0,1,0,0,0
610,0.04,0.0,0.03,845.0,845.0,600.0,625,806,0.25,0.65,256,0,430,63,1,7.326335860928752,0,0,0,1,0,0,0
1270,0.13,0.01,0.0,845.0,845.0,600.0,710,833,0.21,0.62,272,0,560,86,0,4.6674529528899535,0,0,0,1,0,0,0
1270,0.13,0.01,0.0,845.0,845.0,600.0,710,833,0.21,0.62,272,0,560,86,0,4.719331286983727,0,0,0,1,0,0,0
1270,0.13,0.01,0.0,845.0,845.0,600.0,710,833,0.21,0.62,272,0,540,86,0,4.878521795501206,0,0,0,1,0,0,0
1270,0.13,0.01,0.0,845.0,845.0,600.0,710,833,0.21,0.62,272,0,540,86,0,4.935507265824713,0,0,0,1,0,0,0
1270,0.13,0.01,0.0,845.0,845.0,600.0,710,833,0.21,0.62,272,0,520,86,0,5.136720567156407,0,0,0,1,0,0,0
1270,0.13,0.01,0.0,845.0,845.0,600.0,710,833,0.21,0.62,272,0,520,86,0,5.184691430817598,0,0,0,1,0,0,0
1270,0.13,0.01,0.0,845.0,845.0,600.0,710,833,0.21,0.62,272,0,500,86,0,5.359835482339888,0,0,0,1,0,0,0
1270,0.13,0.01,0.0,845.0,845.0,600.0,710,833,0.21,0.62,272,0,500,86,0,5.363611979892144,0,0,0,1,0,0,0
1270,0.13,0.01,0.0,845.0,845.0,600.0,710,833,0.21,0.62,272,0,490,86,0,5.6180480967120925,0,0,0,1,0,0,0
1270,0.13,0.01,0.0,845.0,845.0,600.0,710,833,0.21,0.62,272,0,490,86,0,5.879669205632053,0,0,0,1,0,0,0
1270,0.13,0.01,0.0,845.0,845.0,600.0,710,833,0.21,0.62,272,0,480,86,0,5.576341350205793,0,0,0,1,0,0,0
1270,0.13,0.01,0.0,845.0,845.0,600.0,710,833,0.21,0.62,272,0,480,86,0,5.644438589467838,0,0,0,1,0,0,0
1270,0.13,0.01,0.0,845.0,845.0,600.0,710,833,0.21,0.62,272,0,480,86,0,5.68930885912362,0,0,0,1,0,0,0
1270,0.13,0.01,0.0,845.0,845.0,600.0,710,833,0.21,0.62,272,0,470,86,0,5.7419390777291985,0,0,0,1,0,0,0
1270,0.13,0.01,0.0,845.0,845.0,600.0,710,833,0.21,0.62,272,0,470,86,0,5.973589623427257,0,0,0,1,0,0,0
1270,0.13,0.01,0.0,845.0,845.0,600.0,710,833,0.21,0.62,272,0,470,86,1,7.326335860928752,0,0,0,1,0,0,0
1270,0.13,0.01,0.0,845.0,845.0,600.0,710,833,0.21,0.62,272,0,460,86,1,7.326335860928752,0,0,0,1,0,0,0
1270,0.13,0.01,0.0,845.0,845.0,600.0,710,833,0.21,0.62,272,0,460,86,1,7.326335860928752,0,0,0,1,0,0,0
1270,0.13,0.01,0.0,845.0,845.0,600.0,710,833,0.21,0.62,272,0,460,86,1,7.326335860928752,0,0,0,1,0,0,0
610,0.09,0.0,0.04,845.0,845.0,600.0,657,811,0.22,0.63,268,0,540,69,0,4.8228216453031045,0,0,0,1,0,0,0
610,0.09,0.0,0.04,845.0,845.0,600.0,657,811,0.22,0.63,268,0,540,69,0,4.895422546039408,0,0,0,1,0,0,0
610,0.09,0.0,0.04,845.0,845.0,600.0,657,811,0.22,0.63,268,0,520,69,0,4.658011396657113,0,0,0,1,0,0,0
610,0.09,0.0,0.04,845.0,845.0,600.0,657,811,0.22,0.63,268,0,520,69,0,5.198657086954422,0,0,0,1,0,0,0
610,0.09,0.0,0.04,845.0,845.0,600.0,657,811,0.22,0.63,268,0,500,69,0,4.8228216453031045,0,0,0,1,0,0,0
610,0.09,0.0,0.04,845.0,845.0,600.0,657,811,0.22,0.63,268,0,500,69,0,5.285557309007774,0,0,0,1,0,0,0
610,0.09,0.0,0.04,845.0,845.0,600.0,657,811,0.22,0.63,268,0,480,69,0,5.643452676486188,0,0,0,1,0,0,0
610,0.09,0.0,0.04,845.0,845.0,600.0,657,811,0.22,0.63,268,0,480,69,0,5.663700925389648,0,0,0,1,0,0,0
610,0.09,0.0,0.04,845.0,845.0,600.0,657,811,0.22,0.63,268,0,470,69,0,5.457881896733992,0,0,0,1,0,0,0
610,0.09,0.0,0.04,845.0,845.0,600.0,657,811,0.22,0.63,268,0,470,69,0,5.509202522331103,0,0,0,1,0,0,0
610,0.09,0.0,0.04,845.0,845.0,600.0,657,811,0.22,0.63,268,0,460,69,0,5.474216264076255,0,0,0,1,0,0,0
610,0.09,0.0,0.04,845.0,845.0,600.0,657,811,0.22,0.63,268,0,460,69,1,7.201397124320452,0,0,0,1,0,0,0
610,0.09,0.0,0.04,845.0,845.0,600.0,657,811,0.22,0.63,268,0,450,69,0,5.423245873936808,0,0,0,1,0,0,0
610,0.09,0.0,0.04,845.0,845.0,600.0,657,811,0.22,0.63,268,0,450,69,1,7.326335860928752,0,0,0,1,0,0,0
610,0.09,0.0,0.04,845.0,845.0,600.0,657,811,0.22,0.63,268,0,440,69,0,5.732393759822968,0,0,0,1,0,0,0
610,0.09,0.0,0.04,845.0,845.0,600.0,657,811,0.22,0.63,268,0,440,69,1,7.326335860928752,0,0,0,1,0,0,0
610,0.09,0.0,0.04,845.0,845.0,600.0,657,811,0.22,0.63,268,0,440,69,1,7.326335860928752,0,0,0,1,0,0,0
610,0.09,0.0,0.04,845.0,845.0,600.0,657,811,0.22,0.63,268,0,430,69,1,7.326335860928752,0,0,0,1,0,0,0
610,0.09,0.0,0.04,845.0,845.0,600.0,657,811,0.22,0.63,268,0,430,69,1,7.326335860928752,0,0,0,1,0,0,0
610,0.09,0.0,0.04,845.0,845.0,600.0,657,811,0.22,0.63,268,0,430,69,1,7.326335860928752,0,0,0,1,0,0,0
1270,0.04,0.01,0.0,845.0,845.0,600.0,568,765,0.23,0.66,237,0,490,78,0,4.810232517995084,0,0,0,1,0,0,0
1270,0.04,0.01,0.0,845.0,845.0,600.0,568,765,0.23,0.66,237,0,470,78,0,4.917505509552547,0,0,0,1,0,0,0
1270,0.04,0.01,0.0,845.0,845.0,600.0,568,765,0.23,0.66,237,0,470,78,0,5.267171728403014,0,0,0,1,0,0,0
1270,0.04,0.01,0.0,845.0,845.0,600.0,568,765,0.23,0.66,237,0,460,78,0,5.127104798364807,0,0,0,1,0,0,0
1270,0.04,0.01,0.0,845.0,845.0,600.0,568,765,0.23,0.66,237,0,460,78,0,5.332438459915605,0,0,0,1,0,0,0
1270,0.04,0.01,0.0,845.0,845.0,600.0,568,765,0.23,0.66,237,0,450,78,0,5.451786435524291,0,0,0,1,0,0,0
1270,0.04,0.01,0.0,845.0,845.0,600.0,568,765,0.23,0.66,237,0,450,78,0,5.487138375477186,0,0,0,1,0,0,0
1270,0.04,0.01,0.0,845.0,845.0,600.0,568,765,0.23,0.66,237,0,440,78,0,5.7160033436347994,0,0,0,1,0,0,0
1270,0.04,0.01,0.0,845.0,845.0,600.0,568,765,0.23,0.66,237,0,440,78,0,6.017033339298781,0,0,0,1,0,0,0
1270,0.04,0.01,0.0,845.0,845.0,600.0,568,765,0.23,0.66,237,0,430,78,0,5.90687353472207,0,0,0,1,0,0,0
1270,0.04,0.01,0.0,845.0,845.0,600.0,568,765,0.23,0.66,237,0,430,78,1,7.326335860928752,0,0,0,1,0,0,0
1270,0.04,0.01,0.0,845.0,845.0,600.0,568,765,0.23,0.66,237,0,420,78,0,5.7435097647284294,0,0,0,1,0,0,0
1270,0.04,0.01,0.0,845.0,845.0,600.0,568,765,0.23,0.66,237,0,420,78,1,7.127104798364807,0,0,0,1,0,0,0
1270,0.04,0.01,0.0,845.0,845.0,600.0,568,765,0.23,0.66,237,0,420,78,1,7.326335860928752,0,0,0,1,0,0,0
1270,0.04,0.01,0.0,845.0,845.0,600.0,568,765,0.23,0.66,237,0,410,78,0,6.1003705451175625,0,0,0,1,0,0,0
1270,0.04,0.01,0.0,845.0,845.0,600.0,568,765,0.23,0.66,237,0,410,78,1,7.326335860928752,0,0,0,1,0,0,0
1270,0.04,0.01,0.0,845.0,845.0,600.0,568,765,0.23,0.66,237,0,410,78,1,7.326335860928752,0,0,0,1,0,0,0
1270,0.04,0.01,0.0,845.0,845.0,600.0,568,765,0.23,0.66,237,0,400,78,1,7.326335860928752,0,0,0,1,0,0,0
1270,0.04,0.01,0.0,845.0,845.0,600.0,568,765,0.23,0.66,237,0,400,78,1,7.326335860928752,0,0,0,1,0,0,0
1270,0.04,0.01,0.0,845.0,845.0,600.0,568,765,0.23,0.66,237,0,400,78,1,7.326335860928752,0,0,0,1,0,0,0
1740,0.07,0.0,0.0,845.0,845.0,650.0,632,735,0.27,0.68,240,0,480,96,0,5.004321373782642,0,0,0,1,0,0,0
1740,0.07,0.0,0.0,845.0,845.0,650.0,632,735,0.27,0.68,240,0,480,96,0,5.021189299069938,0,0,0,1,0,0,0
1740,0.07,0.0,0.0,845.0,845.0,650.0,632,735,0.27,0.68,240,0,470,96,0,5.117271295655764,0,0,0,1,0,0,0
1740,0.07,0.0,0.0,845.0,845.0,650.0,632,735,0.27,0.68,240,0,470,96,0,5.187520720836463,0,0,0,1,0,0,0
1740,0.07,0.0,0.0,845.0,845.0,650.0,632,735,0.27,0.68,240,0,470,96,0,5.315970345456917,0,0,0,1,0,0,0
1740,0.07,0.0,0.0,845.0,845.0,650.0,632,735,0.27,0.68,240,0,460,96,0,5.367355921026019,0,0,0,1,0,0,0
1740,0.07,0.0,0.0,845.0,845.0,650.0,632,735,0.27,0.68,240,0,460,96,0,5.401400540781544,0,0,0,1,0,0,0
1740,0.07,0.0,0.0,845.0,845.0,650.0,632,735,0.27,0.68,240,0,450,96,0,5.6020599913279625,0,0,0,1,0,0,0
1740,0.07,0.0,0.0,845.0,845.0,650.0,632,735,0.27,0.68,240,0,450,96,0,5.6127838567197355,0,0,0,1,0,0,0
1740,0.07,0.0,0.0,845.0,845.0,650.0,632,735,0.27,0.68,240,0,440,96,0,5.577491799837225,0,0,0,1,0,0,0
1740,0.07,0.0,0.0,845.0,845.0,650.0,632,735,0.27,0.68,240,0,440,96,0,5.5843312243675305,0,0,0,1,0,0,0
1740,0.07,0.0,0.0,845.0,845.0,650.0,632,735,0.27,0.68,240,0,430,96,0,5.594392550375427,0,0,0,1,0,0,0
1740,0.07,0.0,0.0,845.0,845.0,650.0,632,735,0.27,0.68,240,0,430,96,0,5.891537457672564,0,0,0,1,0,0,0
1740,0.07,0.0,0.0,845.0,845.0,650.0,632,735,0.27,0.68,240,0,430,96,0,5.928907690243952,0,0,0,1,0,0,0
1740,0.07,0.0,0.0,845.0,845.0,650.0,632,735,0.27,0.68,240,0,420,96,0,5.831869774280501,0,0,0,1,0,0,0
1740,0.07,0.0,0.0,845.0,845.0,650.0,632,735,0.27,0.68,240,0,420,96,0,6.152288344383057,0,0,0,1,0,0,0
1740,0.07,0.0,0.0,845.0,845.0,650.0,632,735,0.27,0.68,240,0,420,96,0,6.220108088040055,0,0,0,1,0,0,0
1740,0.07,0.0,0.0,845.0,845.0,650.0,632,735,0.27,0.68,240,0,410,96,0,6.432969290874405,0,0,0,1,0,0,0
1740,0.07,0.0,0.0,845.0,845.0,650.0,632,735,0.27,0.68,240,0,410,96,1,7.326335860928752,0,0,0,1,0,0,0
1740,0.07,0.0,0.0,845.0,845.0,650.0,632,735,0.27,0.68,240,0,410,96,1,7.326335860928752,0,0,0,1,0,0,0
1270,0.12,0.01,0.0,845.0,845.0,650.0,524,696,0.27,0.7,233,0,450,82,0,4.800029359244134,0,0,0,1,0,0,0
1270,0.12,0.01,0.0,845.0,845.0,650.0,524,696,0.27,0.7,233,0,450,82,0,5.232996110392154,0,0,0,1,0,0,0
1270,0.12,0.01,0.0,845.0,845.0,650.0,524,696,0.27,0.7,233,0,440,82,0,4.982271233039568,0,0,0,1,0,0,0
1270,0.12,0.01,0.0,845.0,845.0,650.0,524,696,0.27,0.7,233,0,440,82,0,5.075546961392531,0,0,0,1,0,0,0
1270,0.12,0.01,0.0,845.0,845.0,650.0,524,696,0.27,0.7,233,0,430,82,0,5.365487984890899,0,0,0,1,0,0,0
1270,0.12,0.01,0.0,845.0,845.0,650.0,524,696,0.27,0.7,233,0,430,82,0,5.367355921026019,0,0,0,1,0,0,0
1270,0.12,0.01,0.0,845.0,845.0,650.0,524,696,0.27,0.7,233,0,420,82,0,5.380211241711606,0,0,0,1,0,0,0
1270,0.12,0.01,0.0,845.0,845.0,650.0,524,696,0.27,0.7,233,0,420,82,0,5.4031205211758175,0,0,0,1,0,0,0
1270,0.12,0.01,0.0,845.0,845.0,650.0,524,696,0.27,0.7,233,0,410,82,0,5.5843312243675305,0,0,0,1,0,0,0
1270,0.12,0.01,0.0,845.0,845.0,650.0,524,696,0.27,0.7,233,0,410,82,0,5.635483746814912,0,0,0,1,0,0,0
1270,0.12,0.01,0.0,845.0,845.0,650.0,524,696,0.27,0.7,233,0,400,82,0,5.733999286538387,0,0,0,1,0,0,0
1270,0.12,0.01,0.0,845.0,845.0,650.0,524,696,0.27,0.7,233,0,400,82,0,5.832508912706237,0,0,0,1,0,0,0
1270,0.12,0.01,0.0,845.0,845.0,650.0,524,696,0.27,0.7,233,0,400,82,1,7.326335860928752,0,0,0,1,0,0,0
1270,0.12,0.01,0.0,845.0,845.0,650.0,524,696,0.27,0.7,233,0,390,82,0,5.874481817699467,0,0,0,1,0,0,0
1270,0.12,0.01,0.0,845.0,845.0,650.0,524,696,0.27,0.7,233,0,390,82,1,7.326335860928752,0,0,0,1,0,0,0
1270,0.12,0.01,0.0,845.0,845.0,650.0,524,696,0.27,0.7,233,0,390,82,1,7.326335860928752,0,0,0,1,0,0,0
1270,0.12,0.01,0.0,845.0,845.0,650.0,524,696,0.27,0.7,233,0,380,82,1,7.326335860928752,0,0,0,1,0,0,0
1270,0.12,0.01,0.0,845.0,845.0,650.0,524,696,0.27,0.7,233,0,380,82,1,7.326335860928752,0,0,0,1,0,0,0
1270,0.12,0.01,0.0,845.0,845.0,650.0,524,696,0.27,0.7,233,0,380,82,1,7.326335860928752,0,0,0,1,0,0,0
825,0.1,0.03,0.01,845.0,845.0,650.0,493,696,0.26,0.69,219,0,440,73,0,4.715167357848458,0,0,0,1,0,0,0
825,0.1,0.03,0.01,845.0,845.0,650.0,493,696,0.26,0.69,219,0,440,73,0,4.754348335711019,0,0,0,1,0,0,0
825,0.1,0.03,0.01,845.0,845.0,650.0,493,696,0.26,0.69,219,0,430,73,0,5.004321373782642,0,0,0,1,0,0,0
825,0.1,0.03,0.01,845.0,845.0,650.0,493,696,0.26,0.69,219,0,430,73,0,5.071882007306125,0,0,0,1,0,0,0
825,0.1,0.03,0.01,845.0,845.0,650.0,493,696,0.26,0.69,219,0,420,73,0,5.220108088040055,0,0,0,1,0,0,0
825,0.1,0.03,0.01,845.0,845.0,650.0,493,696,0.26,0.69,219,0,420,73,0,5.2455126678141495,0,0,0,1,0,0,0
825,0.1,0.03,0.01,845.0,845.0,650.0,493,696,0.26,0.69,219,0,410,73,0,5.372912002970106,0,0,0,1,0,0,0
825,0.1,0.03,0.01,845.0,845.0,650.0,493,696,0.26,0.69,219,0,410,73,0,5.48572142648158,0,0,0,1,0,0,0
825,0.1,0.03,0.01,845.0,845.0,650.0,493,696,0.26,0.69,219,0,400,73,0,5.617000341120899,0,0,0,1,0,0,0
825,0.1,0.03,0.01,845.0,845.0,650.0,493,696,0.26,0.69,219,0,400,73,0,5.701567985055927,0,0,0,1,0,0,0
825,0.1,0.03,0.01,845.0,845.0,650.0,493,696,0.26,0.69,219,0,390,73,0,5.66086547800387,0,0,0,1,0,0,0
825,0.1,0.03,0.01,845.0,845.0,650.0,493,696,0.26,0.69,219,0,390,73,0,5.815577748324268,0,0,0,1,0,0,0
825,0.1,0.03,0.01,845.0,845.0,650.0,493,696,0.26,0.69,219,0,390,73,0,5.962369335670021,0,0,0,1,0,0,0
825,0.1,0.03,0.01,845.0,845.0,650.0,493,696,0.26,0.69,219,0,380,73,0,5.6551384348113825,0,0,0,1,0,0,0
825,0.1,0.03,0.01,845.0,845.0,650.0,493,696,0.26,0.69,219,0,380,73,0,5.991226075692495,0,0,0,1,0,0,0
825,0.1,0.03,0.01,845.0,845.0,650.0,493,696,0.26,0.69,219,0,380,73,1,7.326335860928752,0,0,0,1,0,0,0
825,0.1,0.03,0.01,845.0,845.0,650.0,493,696,0.26,0.69,219,0,370,73,1,7.326335860928752,0,0,0,1,0,0,0
825,0.1,0.03,0.01,845.0,845.0,650.0,493,696,0.26,0.69,219,0,370,73,1,7.326335860928752,0,0,0,1,0,0,0
825,0.1,0.03,0.01,845.0,845.0,650.0,493,696,0.26,0.69,219,0,370,73,1,7.326335860928752,0,0,0,1,0,0,0
825,0.11,0.04,0.0,845.0,845.0,650.0,498,669,0.28,0.69,215,0,420,76,0,4.708420900134713,0,0,0,1,0,0,0
825,0.11,0.04,0.0,845.0,845.0,650.0,498,669,0.28,0.69,215,0,420,76,0,5.5843312243675305,0,0,0,1,0,0,0
825,0.11,0.04,0.0,845.0,845.0,650.0,498,669,0.28,0.69,215,0,410,76,0,5.113943352306837,0,0,0,1,0,0,0
825,0.11,0.04,0.0,845.0,845.0,650.0,498,669,0.28,0.69,215,0,410,76,0,5.541579243946581,0,0,0,1,0,0,0
825,0.11,0.04,0.0,845.0,845.0,650.0,498,669,0.28,0.69,215,0,400,76,0,5.238046103128795,0,0,0,1,0,0,0
825,0.11,0.04,0.0,845.0,845.0,650.0,498,669,0.28,0.69,215,0,400,76,0,5.7923916894982534,0,0,0,1,0,0,0
825,0.11,0.04,0.0,845.0,845.0,650.0,498,669,0.28,0.69,215,0,400,76,0,5.975431808509263,0,0,0,1,0,0,0
825,0.11,0.04,0.0,845.0,845.0,650.0,498,669,0.28,0.69,215,0,390,76,0,5.611723308007342,0,0,0,1,0,0,0
825,0.11,0.04,0.0,845.0,845.0,650.0,498,669,0.28,0.69,215,0,390,76,0,5.63748972951251,0,0,0,1,0,0,0
825,0.11,0.04,0.0,845.0,845.0,650.0,498,669,0.28,0.69,215,0,390,76,1,7.326335860928752,0,0,0,1,0,0,0
825,0.11,0.04,0.0,845.0,845.0,650.0,498,669,0.28,0.69,215,0,380,76,0,5.4031205211758175,0,0,0,1,0,0,0
825,0.11,0.04,0.0,845.0,845.0,650.0,498,669,0.28,0.69,215,0,380,76,0,5.517195897949974,0,0,0,1,0,0,0
825,0.11,0.04,0.0,845.0,845.0,650.0,498,669,0.28,0.69,215,0,380,76,1,7.326335860928752,0,0,0,1,0,0,0
825,0.11,0.04,0.0,845.0,845.0,650.0,498,669,0.28,0.69,215,0,370,76,0,6.146128035678238,0,0,0,1,0,0,0
825,0.11,0.04,0.0,845.0,845.0,650.0,498,669,0.28,0.69,215,0,370,76,1,7.326335860928752,0,0,0,1,0,0,0
825,0.11,0.04,0.0,845.0,845.0,650.0,498,669,0.28,0.69,215,0,370,76,1,7.326335860928752,0,0,0,1,0,0,0
825,0.11,0.04,0.0,845.0,845.0,650.0,498,669,0.28,0.69,215,0,360,76,0,6.176091259055681,0,0,0,1,0,0,0
825,0.11,0.04,0.0,845.0,845.0,650.0,498,669,0.28,0.69,215,0,360,76,0,6.190331698170292,0,0,0,1,0,0,0
825,0.11,0.04,0.0,845.0,845.0,650.0,498,669,0.28,0.69,215,0,360,76,1,7.326335860928752,0,0,0,1,0,0,0
825,0.11,0.04,0.0,845.0,845.0,650.0,498,669,0.28,0.69,215,0,350,76,1,7.311753861055754,0,0,0,1,0,0,0
825,0.11,0.04,0.0,845.0,845.0,650.0,498,669,0.28,0.69,215,0,350,76,1,7.326335860928752,0,0,0,1,0,0,0
825,0.11,0.04,0.0,845.0,845.0,650.0,498,669,0.28,0.69,215,0,350,76,1,7.326335860928752,0,0,0,1,0,0,0
1740,0.08,0.0,0.0,845.0,845.0,650.0,629,738,0.26,0.67,237,0,480,99,0,4.8567288903828825,0,0,0,1,0,0,0
1740,0.08,0.0,0.0,845.0,845.0,650.0,629,738,0.26,0.67,237,0,480,99,0,4.939019776448666,0,0,0,1,0,0,0
1740,0.08,0.0,0.0,845.0,845.0,650.0,629,738,0.26,0.67,237,0,470,99,0,5.086359830674748,0,0,0,1,0,0,0
1740,0.08,0.0,0.0,845.0,845.0,650.0,629,738,0.26,0.67,237,0,470,99,0,5.173186268412274,0,0,0,1,0,0,0
1740,0.08,0.0,0.0,845.0,845.0,650.0,629,738,0.26,0.67,237,0,460,99,0,5.173186268412274,0,0,0,1,0,0,0
1740,0.08,0.0,0.0,845.0,845.0,650.0,629,738,0.26,0.67,237,0,460,99,0,5.298853076409706,0,0,0,1,0,0,0
1740,0.08,0.0,0.0,845.0,845.0,650.0,629,738,0.26,0.67,237,0,450,99,0,5.326335860928752,0,0,0,1,0,0,0
1740,0.08,0.0,0.0,845.0,845.0,650.0,629,738,0.26,0.67,237,0,450,99,0,5.515873843711679,0,0,0,1,0,0,0
1740,0.08,0.0,0.0,845.0,845.0,650.0,629,738,0.26,0.67,237,0,440,99,0,5.518513939877887,0,0,0,1,0,0,0
1740,0.08,0.0,0.0,845.0,845.0,650.0,629,738,0.26,0.67,237,0,440,99,0,5.569373909615046,0,0,0,1,0,0,0
1740,0.08,0.0,0.0,845.0,845.0,650.0,629,738,0.26,0.67,237,0,430,99,0,5.64738297011462,0,0,0,1,0,0,0
1740,0.08,0.0,0.0,845.0,845.0,650.0,629,738,0.26,0.67,237,0,430,99,0,5.682145076373832,0,0,0,1,0,0,0
1740,0.08,0.0,0.0,845.0,845.0,650.0,629,738,0.26,0.67,237,0,430,99,0,5.853698211776174,0,0,0,1,0,0,0
1740,0.08,0.0,0.0,845.0,845.0,650.0,629,738,0.26,0.67,237,0,420,99,0,6.086359830674748,0,0,0,1,0,0,0
1740,0.08,0.0,0.0,845.0,845.0,650.0,629,738,0.26,0.67,237,0,420,99,0,6.193124598354461,0,0,0,1,0,0,0
1740,0.08,0.0,0.0,845.0,845.0,650.0,629,738,0.26,0.67,237,0,420,99,1,7.307496037913213,0,0,0,1,0,0,0
1740,0.08,0.0,0.0,845.0,845.0,650.0,629,738,0.26,0.67,237,0,410,99,0,6.336459733848529,0,0,0,1,0,0,0
1740,0.08,0.0,0.0,845.0,845.0,650.0,629,738,0.26,0.67,237,0,410,99,1,7.326335860928752,0,0,0,1,0,0,0
1740,0.08,0.0,0.0,845.0,845.0,650.0,629,738,0.26,0.67,237,0,410,99,1,7.326335860928752,0,0,0,1,0,0,0
1740,0.08,0.0,0.0,845.0,845.0,650.0,629,738,0.26,0.67,237,0,410,99,1,7.326335860928752,0,0,0,1,0,0,0
610,0.04,0.0,0.03,845.0,845.0,650.0,570,741,0.26,0.68,235,0,460,64,0,4.862727528317975,0,0,0,1,0,0,0
610,0.04,0.0,0.03,845.0,845.0,650.0,570,741,0.26,0.68,235,0,460,64,0,4.867467487859051,0,0,0,1,0,0,0
610,0.04,0.0,0.03,845.0,845.0,650.0,570,741,0.26,0.68,235,0,440,64,0,5.2405492482825995,0,0,0,1,0,0,0
610,0.04,0.0,0.03,845.0,845.0,650.0,570,741,0.26,0.68,235,0,440,64,0,5.298853076409706,0,0,0,1,0,0,0
610,0.04,0.0,0.03,845.0,845.0,650.0,570,741,0.26,0.68,235,0,430,64,0,5.501059262217751,0,0,0,1,0,0,0
610,0.04,0.0,0.03,845.0,845.0,650.0,570,741,0.26,0.68,235,0,430,64,0,5.521138083704036,0,0,0,1,0,0,0
610,0.04,0.0,0.03,845.0,845.0,650.0,570,741,0.26,0.68,235,0,420,64,0,5.546542663478131,0,0,0,1,0,0,0
610,0.04,0.0,0.03,845.0,845.0,650.0,570,741,0.26,0.68,235,0,420,64,0,5.685741738602264,0,0,0,1,0,0,0
610,0.04,0.0,0.03,845.0,845.0,650.0,570,741,0.26,0.68,235,0,410,64,0,5.947433721887051,0,0,0,1,0,0,0
610,0.04,0.0,0.03,845.0,845.0,650.0,570,741,0.26,0.68,235,0,410,64,0,6.045322978786658,0,0,0,1,0,0,0
610,0.04,0.0,0.03,845.0,845.0,650.0,570,741,0.26,0.68,235,0,400,64,0,5.957128197676813,0,0,0,1,0,0,0
610,0.04,0.0,0.03,845.0,845.0,650.0,570,741,0.26,0.68,235,0,400,64,0,6.876217840591642,0,0,0,1,0,0,0
610,0.04,0.0,0.03,845.0,845.0,650.0,570,741,0.26,0.68,235,0,400,64,1,7.326335860928752,0,0,0,1,0,0,0
610,0.04,0.0,0.03,845.0,845.0,650.0,570,741,0.26,0.68,235,0,390,64,0,6.2405492482825995,0,0,0,1,0,0,0
610,0.04,0.0,0.03,845.0,845.0,650.0,570,741,0.26,0.68,235,0,390,64,1,7.326335860928752,0,0,0,1,0,0,0
610,0.04,0.0,0.03,845.0,845.0,650.0,570,741,0.26,0.68,235,0,390,64,1,7.326335860928752,0,0,0,1,0,0,0
610,0.04,0.0,0.03,845.0,845.0,650.0,570,741,0.26,0.68,235,0,380,64,1,7.326335860928752,0,0,0,1,0,0,0
610,0.04,0.0,0.03,845.0,845.0,650.0,570,741,0.26,0.68,235,0,380,64,1,7.326335860928752,0,0,0,1,0,0,0
610,0.04,0.0,0.03,845.0,845.0,650.0,570,741,0.26,0.68,235,0,380,64,1,7.326335860928752,0,0,0,1,0,0,0
610,0.04,0.0,0.03,845.0,845.0,650.0,570,741,0.26,0.68,235,0,380,64,1,7.326335860928752,0,0,0,1,0,0,0
1740,0.06,0.0,0.0,845.0,845.0,650.0,589,706,0.25,0.7,230,0,450,89,0,4.984527313343793,0,0,0,1,0,0,0
1740,0.06,0.0,0.0,845.0,845.0,650.0,589,706,0.25,0.7,230,0,450,89,0,5.158362492095249,0,0,0,1,0,0,0
1740,0.06,0.0,0.0,845.0,845.0,650.0,589,706,0.25,0.7,230,0,440,89,0,5.033423755486949,0,0,0,1,0,0,0
1740,0.06,0.0,0.0,845.0,845.0,650.0,589,706,0.25,0.7,230,0,440,89,0,5.045322978786658,0,0,0,1,0,0,0
1740,0.06,0.0,0.0,845.0,845.0,650.0,589,706,0.25,0.7,230,0,430,89,0,5.372912002970106,0,0,0,1,0,0,0
1740,0.06,0.0,0.0,845.0,845.0,650.0,589,706,0.25,0.7,230,0,430,89,0,5.418301291319746,0,0,0,1,0,0,0
1740,0.06,0.0,0.0,845.0,845.0,650.0,589,706,0.25,0.7,230,0,420,89,0,5.525044807036846,0,0,0,1,0,0,0
1740,0.06,0.0,0.0,845.0,845.0,650.0,589,706,0.25,0.7,230,0,420,89,0,5.534026106056135,0,0,0,1,0,0,0
1740,0.06,0.0,0.0,845.0,845.0,650.0,589,706,0.25,0.7,230,0,410,89,0,5.828015064223977,0,0,0,1,0,0,0
1740,0.06,0.0,0.0,845.0,845.0,650.0,589,706,0.25,0.7,230,0,410,89,0,5.953759691733229,0,0,0,1,0,0,0
1740,0.06,0.0,0.0,845.0,845.0,650.0,589,706,0.25,0.7,230,0,400,89,0,5.9745116927373285,0,0,0,1,0,0,0
1740,0.06,0.0,0.0,845.0,845.0,650.0,589,706,0.25,0.7,230,0,400,89,0,6.064457989226918,0,0,0,1,0,0,0
1740,0.06,0.0,0.0,845.0,845.0,650.0,589,706,0.25,0.7,230,0,400,89,0,6.079181246047625,0,0,0,1,0,0,0
1740,0.06,0.0,0.0,845.0,845.0,650.0,589,706,0.25,0.7,230,0,390,89,0,6.252853030979893,0,0,0,1,0,0,0
1740,0.06,0.0,0.0,845.0,845.0,650.0,589,706,0.25,0.7,230,0,390,89,0,6.276461804173244,0,0,0,1,0,0,0
1740,0.06,0.0,0.0,845.0,845.0,650.0,589,706,0.25,0.7,230,0,390,89,1,7.326335860928752,0,0,0,1,0,0,0
1740,0.06,0.0,0.0,845.0,845.0,650.0,589,706,0.25,0.7,230,0,380,89,1,7.326335860928752,0,0,0,1,0,0,0
1740,0.06,0.0,0.0,845.0,845.0,650.0,589,706,0.25,0.7,230,0,380,89,1,7.326335860928752,0,0,0,1,0,0,0
1740,0.06,0.0,0.0,845.0,845.0,650.0,589,706,0.25,0.7,230,0,380,89,1,7.326335860928752,0,0,0,1,0,0,0
1270,0.13,0.01,0.0,845.0,845.0,650.0,624,744,0.26,0.65,245,0,500,87,0,4.662757831681574,0,0,0,1,0,0,0
1270,0.13,0.01,0.0,845.0,845.0,650.0,624,744,0.26,0.65,245,0,500,87,0,4.682145076373832,0,0,0,1,0,0,0
1270,0.13,0.01,0.0,845.0,845.0,650.0,624,744,0.26,0.65,245,0,480,87,0,4.986323777050766,0,0,0,1,0,0,0
1270,0.13,0.01,0.0,845.0,845.0,650.0,624,744,0.26,0.65,245,0,480,87,0,5.012837224705172,0,0,0,1,0,0,0
1270,0.13,0.01,0.0,845.0,845.0,650.0,624,744,0.26,0.65,245,0,460,87,0,5.3560258571931225,0,0,0,1,0,0,0
1270,0.13,0.01,0.0,845.0,845.0,650.0,624,744,0.26,0.65,245,0,460,87,0,5.372912002970106,0,0,0,1,0,0,0
1270,0.13,0.01,0.0,845.0,845.0,650.0,624,744,0.26,0.65,245,0,450,87,0,5.439332693830263,0,0,0,1,0,0,0
1270,0.13,0.01,0.0,845.0,845.0,650.0,624,744,0.26,0.65,245,0,450,87,0,5.484299839346786,0,0,0,1,0,0,0
1270,0.13,0.01,0.0,845.0,845.0,650.0,624,744,0.26,0.65,245,0,440,87,0,5.719331286983727,0,0,0,1,0,0,0
1270,0.13,0.01,0.0,845.0,845.0,650.0,624,744,0.26,0.65,245,0,440,87,0,5.750508394851346,0,0,0,1,0,0,0
1270,0.13,0.01,0.0,845.0,845.0,650.0,624,744,0.26,0.65,245,0,430,87,0,5.7737864449811935,0,0,0,1,0,0,0
1270,0.13,0.01,0.0,845.0,845.0,650.0,624,744,0.26,0.65,245,0,430,87,0,5.812244696800369,0,0,0,1,0,0,0
1270,0.13,0.01,0.0,845.0,845.0,650.0,624,744,0.26,0.65,245,0,430,87,0,6.037426497940624,0,0,0,1,0,0,0
1270,0.13,0.01,0.0,845.0,845.0,650.0,624,744,0.26,0.65,245,0,420,87,0,5.999130541287371,0,0,0,1,0,0,0
1270,0.13,0.01,0.0,845.0,845.0,650.0,624,744,0.26,0.65,245,0,420,87,0,6.152288344383057,0,0,0,1,0,0,0
1270,0.13,0.01,0.0,845.0,845.0,650.0,624,744,0.26,0.65,245,0,420,87,0,6.209515014542631,0,0,0,1,0,0,0
1270,0.13,0.01,0.0,845.0,845.0,650.0,624,744,0.26,0.65,245,0,410,87,1,7.267171728403014,0,0,0,1,0,0,0
1270,0.13,0.01,0.0,845.0,845.0,650.0,624,744,0.26,0.65,245,0,410,87,1,7.326335860928752,0,0,0,1,0,0,0
1270,0.13,0.01,0.0,845.0,845.0,650.0,624,744,0.26,0.65,245,0,410,87,1,7.326335860928752,0,0,0,1,0,0,0
610,0.09,0.0,0.04,845.0,845.0,650.0,577,723,0.26,0.68,236,0,480,70,0,4.737192642704737,0,0,0,1,0,0,0
610,0.09,0.0,0.04,845.0,845.0,650.0,577,723,0.26,0.68,236,0,460,70,0,4.748962861256161,0,0,0,1,0,0,0
610,0.09,0.0,0.04,845.0,845.0,650.0,577,723,0.26,0.68,236,0,460,70,0,5.2455126678141495,0,0,0,1,0,0,0
610,0.09,0.0,0.04,845.0,845.0,650.0,577,723,0.26,0.68,236,0,440,70,0,5.338456493604605,0,0,0,1,0,0,0
610,0.09,0.0,0.04,845.0,845.0,650.0,577,723,0.26,0.68,236,0,440,70,0,5.521138083704036,0,0,0,1,0,0,0
610,0.09,0.0,0.04,845.0,845.0,650.0,577,723,0.26,0.68,236,0,430,70,0,5.56466606425209,0,0,0,1,0,0,0
610,0.09,0.0,0.04,845.0,845.0,650.0,577,723,0.26,0.68,236,0,430,70,0,5.7450747915820575,0,0,0,1,0,0,0
610,0.09,0.0,0.04,845.0,845.0,650.0,577,723,0.26,0.68,236,0,420,70,0,5.505149978319906,0,0,0,1,0,0,0
610,0.09,0.0,0.04,845.0,845.0,650.0,577,723,0.26,0.68,236,0,420,70,0,6.252853030979893,0,0,0,1,0,0,0
610,0.09,0.0,0.04,845.0,845.0,650.0,577,723,0.26,0.68,236,0,410,70,0,5.785329835010767,0,0,0,1,0,0,0
610,0.09,0.0,0.04,845.0,845.0,650.0,577,723,0.26,0.68,236,0,410,70,0,6.012837224705172,0,0,0,1,0,0,0
610,0.09,0.0,0.04,845.0,845.0,650.0,577,723,0.26,0.68,236,0,410,70,0,6.02938377768521,0,0,0,1,0,0,0
610,0.09,0.0,0.04,845.0,845.0,650.0,577,723,0.26,0.68,236,0,400,70,0,6.230448921378274,0,0,0,1,0,0,0
610,0.09,0.0,0.04,845.0,845.0,650.0,577,723,0.26,0.68,236,0,400,70,1,7.326335860928752,0,0,0,1,0,0,0
610,0.09,0.0,0.04,845.0,845.0,650.0,577,723,0.26,0.68,236,0,400,70,1,7.326335860928752,0,0,0,1,0,0,0
610,0.09,0.0,0.04,845.0,845.0,650.0,577,723,0.26,0.68,236,0,390,70,0,6.1303337684950066,0,0,0,1,0,0,0
610,0.09,0.0,0.04,845.0,845.0,650.0,577,723,0.26,0.68,236,0,390,70,1,7.326335860928752,0,0,0,1,0,0,0
610,0.09,0.0,0.04,845.0,845.0,650.0,577,723,0.26,0.68,236,0,390,70,1,7.326335860928752,0,0,0,1,0,0,0
610,0.09,0.0,0.04,845.0,845.0,650.0,577,723,0.26,0.68,236,0,380,70,1,7.326335860928752,0,0,0,1,0,0,0
610,0.09,0.0,0.04,845.0,845.0,650.0,577,723,0.26,0.68,236,0,380,70,1,7.326335860928752,0,0,0,1,0,0,0
610,0.09,0.0,0.04,845.0,845.0,650.0,577,723,0.26,0.68,236,0,380,70,1,7.326335860928752,0,0,0,1,0,0,0
1270,0.04,0.01,0.0,845.0,845.0,650.0,521,706,0.29,0.7,220,0,460,79,0,4.328379603438738,0,0,0,1,0,0,0
1270,0.04,0.01,0.0,845.0,845.0,650.0,521,706,0.29,0.7,220,0,450,79,0,4.683947130751513,0,0,0,1,0,0,0
1270,0.04,0.01,0.0,845.0,845.0,650.0,521,706,0.29,0.7,220,0,450,79,0,4.69810054562339,0,0,0,1,0,0,0
1270,0.04,0.01,0.0,845.0,845.0,650.0,521,706,0.29,0.7,220,0,440,79,0,5.14921911265538,0,0,0,1,0,0,0
1270,0.04,0.01,0.0,845.0,845.0,650.0,521,706,0.29,0.7,220,0,430,79,0,5.08278537031645,0,0,0,1,0,0,0
1270,0.04,0.01,0.0,845.0,845.0,650.0,521,706,0.29,0.7,220,0,430,79,0,5.143014800254095,0,0,0,1,0,0,0
1270,0.04,0.01,0.0,845.0,845.0,650.0,521,706,0.29,0.7,220,0,420,79,0,5.334453751150931,0,0,0,1,0,0,0
1270,0.04,0.01,0.0,845.0,845.0,650.0,521,706,0.29,0.7,220,0,420,79,0,5.408239965311849,0,0,0,1,0,0,0
1270,0.04,0.01,0.0,845.0,845.0,650.0,521,706,0.29,0.7,220,0,410,79,0,5.466867620354109,0,0,0,1,0,0,0
1270,0.04,0.01,0.0,845.0,845.0,650.0,521,706,0.29,0.7,220,0,410,79,0,5.510545010206612,0,0,0,1,0,0,0
1270,0.04,0.01,0.0,845.0,845.0,650.0,521,706,0.29,0.7,220,0,400,79,0,5.686636269262293,0,0,0,1,0,0,0
1270,0.04,0.01,0.0,845.0,845.0,650.0,521,706,0.29,0.7,220,0,400,79,0,6.037426497940624,0,0,0,1,0,0,0
1270,0.04,0.01,0.0,845.0,845.0,650.0,521,706,0.29,0.7,220,0,390,79,0,5.9410142437055695,0,0,0,1,0,0,0
1270,0.04,0.01,0.0,845.0,845.0,650.0,521,706,0.29,0.7,220,0,390,79,0,6.113943352306837,0,0,0,1,0,0,0
1270,0.04,0.01,0.0,845.0,845.0,650.0,521,706,0.29,0.7,220,0,390,79,0,6.212187604403958,0,0,0,1,0,0,0
1270,0.04,0.01,0.0,845.0,845.0,650.0,521,706,0.29,0.7,220,0,380,79,0,6.346352974450639,0,0,0,1,0,0,0
1270,0.04,0.01,0.0,845.0,845.0,650.0,521,706,0.29,0.7,220,0,380,79,1,7.326335860928752,0,0,0,1,0,0,0
1270,0.04,0.01,0.0,845.0,845.0,650.0,521,706,0.29,0.7,220,0,380,79,1,7.326335860928752,0,0,0,1,0,0,0
1270,0.04,0.01,0.0,845.0,845.0,650.0,521,706,0.29,0.7,220,0,370,79,1,7.326335860928752,0,0,0,1,0,0,0
1270,0.04,0.01,0.0,845.0,845.0,650.0,521,706,0.29,0.7,220,0,370,79,1,7.326335860928752,0,0,0,1,0,0,0
1270,0.04,0.01,0.0,845.0,845.0,650.0,521,706,0.29,0.7,220,0,370,79,1,7.326335860928752,0,0,0,1,0,0,0
1740,0.07,0.0,0.0,845.0,845.0,600.0,727,828,0.22,0.64,266,1,490,95,0,4.004321373782642,0,0,0,1,0,0,0
1740,0.07,0.0,0.0,845.0,845.0,600.0,727,828,0.22,0.64,266,1,490,95,0,5.068185861746161,0,0,0,1,0,0,0
1740,0.07,0.0,0.0,845.0,845.0,600.0,727,828,0.22,0.64,266,1,490,95,0,5.472756449317212,0,0,0,1,0,0,0
1740,0.07,0.0,0.0,845.0,845.0,600.0,727,828,0.22,0.64,266,1,480,95,0,4.217483944213907,0,0,0,1,0,0,0
1740,0.07,0.0,0.0,845.0,845.0,600.0,727,828,0.22,0.64,266,1,480,95,0,4.968482948553935,0,0,0,1,0,0,0
1740,0.07,0.0,0.0,845.0,845.0,600.0,727,828,0.22,0.64,266,1,470,95,0,4.954242509439325,0,0,0,1,0,0,0
1740,0.07,0.0,0.0,845.0,845.0,600.0,727,828,0.22,0.64,266,1,470,95,0,5.559906625036112,0,0,0,1,0,0,0
1740,0.07,0.0,0.0,845.0,845.0,600.0,727,828,0.22,0.64,266,1,470,95,0,5.683947130751513,0,0,0,1,0,0,0
1740,0.07,0.0,0.0,845.0,845.0,600.0,727,828,0.22,0.64,266,1,460,95,0,6.654176541877961,0,0,0,1,0,0,0
1740,0.07,0.0,0.0,845.0,845.0,600.0,727,828,0.22,0.64,266,1,460,95,1,7.0,0,0,0,1,0,0,0
1740,0.07,0.0,0.0,845.0,845.0,600.0,727,828,0.22,0.64,266,1,460,95,1,7.0,0,0,0,1,0,0,0
1740,0.07,0.0,0.0,845.0,845.0,600.0,727,828,0.22,0.64,266,1,450,95,1,7.0,0,0,0,1,0,0,0
1740,0.07,0.0,0.0,845.0,845.0,600.0,727,828,0.22,0.64,266,1,450,95,1,7.0,0,0,0,1,0,0,0
1740,0.07,0.0,0.0,845.0,845.0,600.0,727,828,0.22,0.64,266,1,450,95,1,7.0,0,0,0,1,0,0,0
610,0.06,0.0,0.01,845.0,845.0,600.0,626,812,0.23,0.64,260,1,460,66,0,4.440909082065217,0,0,0,1,0,0,0
610,0.06,0.0,0.01,845.0,845.0,600.0,626,812,0.23,0.64,260,1,460,66,0,4.463892988985907,0,0,0,1,0,0,0
610,0.06,0.0,0.01,845.0,845.0,600.0,626,812,0.23,0.64,260,1,440,66,0,4.565847818673518,0,0,0,1,0,0,0
610,0.06,0.0,0.01,845.0,845.0,600.0,626,812,0.23,0.64,260,1,440,66,0,4.800029359244134,0,0,0,1,0,0,0
610,0.06,0.0,0.01,845.0,845.0,600.0,626,812,0.23,0.64,260,1,420,66,0,5.1702617153949575,0,0,0,1,0,0,0
610,0.06,0.0,0.01,845.0,845.0,600.0,626,812,0.23,0.64,260,1,420,66,0,5.532754378992498,0,0,0,1,0,0,0
610,0.06,0.0,0.01,845.0,845.0,600.0,626,812,0.23,0.64,260,1,410,66,0,5.313867220369153,0,0,0,1,0,0,0
610,0.06,0.0,0.01,845.0,845.0,600.0,626,812,0.23,0.64,260,1,410,66,1,7.0,0,0,0,1,0,0,0
610,0.06,0.0,0.01,845.0,845.0,600.0,626,812,0.23,0.64,260,1,410,66,1,7.0,0,0,0,1,0,0,0
610,0.06,0.0,0.01,845.0,845.0,600.0,626,812,0.23,0.64,260,1,400,66,1,7.0,0,0,0,1,0,0,0
610,0.06,0.0,0.01,845.0,845.0,600.0,626,812,0.23,0.64,260,1,400,66,1,7.0,0,0,0,1,0,0,0
610,0.06,0.0,0.01,845.0,845.0,600.0,626,812,0.23,0.64,260,1,400,66,1,7.0,0,0,0,1,0,0,0
610,0.06,0.0,0.01,845.0,845.0,600.0,626,812,0.23,0.64,260,1,400,66,1,7.0,0,0,0,1,0,0,0
825,0.1,0.03,0.01,845.0,845.0,600.0,538,760,0.25,0.66,239,1,420,72,0,4.292256071356476,0,0,0,1,0,0,0
825,0.1,0.03,0.01,845.0,845.0,600.0,538,760,0.25,0.66,239,1,420,72,0,4.4623979978989565,0,0,0,1,0,0,0
825,0.1,0.03,0.01,845.0,845.0,600.0,538,760,0.25,0.66,239,1,400,72,0,4.7435097647284294,0,0,0,1,0,0,0
825,0.1,0.03,0.01,845.0,845.0,600.0,538,760,0.25,0.66,239,1,400,72,0,4.8394780473741985,0,0,0,1,0,0,0
825,0.1,0.03,0.01,845.0,845.0,600.0,538,760,0.25,0.66,239,1,390,72,0,4.9148718175400505,0,0,0,1,0,0,0
825,0.1,0.03,0.01,845.0,845.0,600.0,538,760,0.25,0.66,239,1,390,72,0,4.977723605288848,0,0,0,1,0,0,0
825,0.1,0.03,0.01,845.0,845.0,600.0,538,760,0.25,0.66,239,1,380,72,0,5.155336037465061,0,0,0,1,0,0,0
825,0.1,0.03,0.01,845.0,845.0,600.0,538,760,0.25,0.66,239,1,380,72,0,5.732393759822968,0,0,0,1,0,0,0
825,0.1,0.03,0.01,845.0,845.0,600.0,538,760,0.25,0.66,239,1,380,72,0,5.746634198937579,0,0,0,1,0,0,0
825,0.1,0.03,0.01,845.0,845.0,600.0,538,760,0.25,0.66,239,1,370,72,0,5.595496221825574,0,0,0,1,0,0,0
825,0.1,0.03,0.01,845.0,845.0,600.0,538,760,0.25,0.66,239,1,370,72,1,7.0,0,0,0,1,0,0,0
825,0.1,0.03,0.01,845.0,845.0,600.0,538,760,0.25,0.66,239,1,370,72,1,7.0,0,0,0,1,0,0,0
825,0.1,0.03,0.01,845.0,845.0,600.0,538,760,0.25,0.66,239,1,360,72,1,7.0,0,0,0,1,0,0,0
825,0.1,0.03,0.01,845.0,845.0,600.0,538,760,0.25,0.66,239,1,360,72,1,7.0,0,0,0,1,0,0,0
825,0.1,0.03,0.01,845.0,845.0,600.0,538,760,0.25,0.66,239,1,360,72,1,7.0,0,0,0,1,0,0,0
1270,0.12,0.01,0.0,845.0,845.0,600.0,432,659,0.27,0.58,186,1,300,83,0,4.654176541877961,0,0,0,1,0,0,1
1270,0.12,0.01,0.0,845.0,845.0,600.0,432,659,0.27,0.58,186,1,270,83,0,5.376576957056512,0,0,0,1,0,0,1
1270,0.12,0.01,0.0,845.0,845.0,600.0,432,659,0.27,0.58,186,1,260,83,0,5.465382851448418,0,0,0,1,0,0,1
1270,0.12,0.01,0.0,845.0,845.0,600.0,432,659,0.27,0.58,186,1,250,83,1,7.0,0,0,0,1,0,0,1
1270,0.12,0.01,0.0,845.0,845.0,600.0,432,659,0.27,0.58,186,1,255,83,0,5.5276299008713385,0,0,0,1,0,0,1
1270,0.12,0.01,0.0,845.0,845.0,600.0,432,659,0.27,0.58,186,1,250,83,1,7.0,0,0,0,1,0,0,1
1270,0.12,0.01,0.0,845.0,845.0,600.0,432,659,0.27,0.58,186,1,255,83,0,5.649334858712142,0,0,0,1,0,0,1
1740,0.06,0.0,0.0,845.0,845.0,600.0,462,672,0.3,0.61,187,1,300,90,0,4.750508394851346,0,0,0,1,0,0,1
1740,0.06,0.0,0.0,845.0,845.0,600.0,462,672,0.3,0.61,187,1,290,90,0,4.9965116721541785,0,0,0,1,0,0,1
1740,0.06,0.0,0.0,845.0,845.0,600.0,462,672,0.3,0.61,187,1,270,90,0,5.537819095073274,0,0,0,1,0,0,1
1740,0.06,0.0,0.0,845.0,845.0,600.0,462,672,0.3,0.61,187,1,260,90,1,7.0,0,0,0,1,0,0,1
1740,0.06,0.0,0.0,845.0,845.0,600.0,462,672,0.3,0.61,187,1,265,90,0,5.471291711058939,0,0,0,1,0,0,1
1740,0.06,0.0,0.0,845.0,845.0,600.0,462,672,0.3,0.61,187,1,260,90,1,7.0,0,0,0,1,0,0,1
1740,0.06,0.0,0.0,845.0,845.0,600.0,462,672,0.3,0.61,187,1,265,90,0,6.195899652409234,0,0,0,1,0,0,1
1740,0.06,0.0,0.0,845.0,845.0,550.0,702,863,0.2,0.66,276,1,480,91,0,4.568201724066995,0,0,0,1,0,1,0
1740,0.06,0.0,0.0,845.0,845.0,550.0,702,863,0.2,0.66,276,1,460,91,0,4.811575005870593,0,0,0,1,0,1,0
1740,0.06,0.0,0.0,845.0,845.0,550.0,702,863,0.2,0.66,276,1,450,91,0,5.348304863048161,0,0,0,1,0,1,0
1740,0.06,0.0,0.0,845.0,845.0,550.0,702,863,0.2,0.66,276,1,440,91,1,7.0,0,0,0,1,0,1,0
1740,0.06,0.0,0.0,845.0,845.0,550.0,702,863,0.2,0.66,276,1,445,91,0,5.593286067020458,0,0,0,1,0,1,0
1740,0.06,0.0,0.0,845.0,845.0,550.0,702,863,0.2,0.66,276,1,440,91,0,5.730782275666389,0,0,0,1,0,1,0
1740,0.06,0.0,0.0,845.0,845.0,550.0,702,863,0.2,0.66,276,1,435,91,1,7.0,0,0,0,1,0,1,0
1740,0.08,0.0,0.0,845.0,845.0,600.0,728,844,0.2,0.64,266,1,480,101,0,4.426511261364575,0,0,0,1,0,1,0
1740,0.08,0.0,0.0,845.0,845.0,600.0,728,844,0.2,0.64,266,1,460,101,0,4.652246341003323,0,0,0,1,0,1,0
1740,0.08,0.0,0.0,845.0,845.0,600.0,728,844,0.2,0.64,266,1,450,101,0,5.068185861746161,0,0,0,1,0,1,0
1740,0.08,0.0,0.0,845.0,845.0,600.0,728,844,0.2,0.64,266,1,435,101,1,7.0,0,0,0,1,0,1,0
1740,0.08,0.0,0.0,845.0,845.0,600.0,728,844,0.2,0.64,266,1,440,101,0,5.382017042574868,0,0,0,1,0,1,0
1740,0.08,0.0,0.0,845.0,845.0,600.0,728,844,0.2,0.64,266,1,435,101,0,5.6211762817750355,0,0,0,1,0,1,0
1740,0.08,0.0,0.0,845.0,845.0,600.0,728,844,0.2,0.64,266,1,430,101,1,7.0,0,0,0,1,0,1,0
1740,0.06,0.0,0.0,845.0,845.0,600.0,652,787,0.21,0.68,253,1,450,92,0,4.315970345456917,0,0,0,1,0,1,0
1740,0.06,0.0,0.0,845.0,845.0,600.0,652,787,0.21,0.68,253,1,440,92,0,4.531478917042255,0,0,0,1,0,1,0
1740,0.06,0.0,0.0,845.0,845.0,600.0,652,787,0.21,0.68,253,1,420,92,0,4.971739590887778,0,0,0,1,0,1,0
1740,0.06,0.0,0.0,845.0,845.0,600.0,652,787,0.21,0.68,253,1,410,92,1,7.0,0,0,0,1,0,1,0
1740,0.06,0.0,0.0,845.0,845.0,600.0,652,787,0.21,0.68,253,1,415,92,0,5.453318340047038,0,0,0,1,0,1,0
1740,0.06,0.0,0.0,845.0,845.0,600.0,652,787,0.21,0.68,253,1,410,92,1,7.0,0,0,0,1,0,1,0
1740,0.06,0.0,0.0,845.0,845.0,600.0,652,787,0.21,0.68,253,1,415,92,0,5.260071387985075,0,0,0,1,0,1,0
1740,0.06,0.0,0.0,845.0,845.0,650.0,652,787,0.21,0.68,253,1,400,93,0,4.338456493604605,0,0,0,1,0,1,0
1740,0.06,0.0,0.0,845.0,845.0,650.0,652,787,0.21,0.68,253,1,380,93,0,4.695481676490197,0,0,0,1,0,1,0
1740,0.06,0.0,0.0,845.0,845.0,650.0,652,787,0.21,0.68,253,1,370,93,0,5.110589710299249,0,0,0,1,0,1,0
1740,0.06,0.0,0.0,845.0,845.0,650.0,652,787,0.21,0.68,253,1,360,93,1,7.0,0,0,0,1,0,1,0
1740,0.06,0.0,0.0,845.0,845.0,650.0,652,787,0.21,0.68,253,1,365,93,0,5.26245108973043,0,0,0,1,0,1,0
1740,0.06,0.0,0.0,845.0,845.0,650.0,652,787,0.21,0.68,253,1,360,93,1,7.0,0,0,0,1,0,1,0
1740,0.06,0.0,0.0,845.0,845.0,650.0,652,787,0.21,0.68,253,1,365,93,0,5.903089986991944,0,0,0,1,0,1,0
1740,0.07,0.0,0.0,825.0,825.0,550.0,853,962,0.19,0.56,309,0,620,126,0,4.824776462475546,0,0,0,0,1,0,0
1740,0.07,0.0,0.0,825.0,825.0,550.0,853,962,0.19,0.56,309,0,620,126,0,4.8567288903828825,0,0,0,0,1,0,0
1740,0.07,0.0,0.0,825.0,825.0,550.0,853,962,0.19,0.56,309,0,600,126,0,5.02938377768521,0,0,0,0,1,0,0
1740,0.07,0.0,0.0,825.0,825.0,550.0,853,962,0.19,0.56,309,0,600,126,0,5.1303337684950066,0,0,0,0,1,0,0
1740,0.07,0.0,0.0,825.0,825.0,550.0,853,962,0.19,0.56,309,0,580,126,0,5.290034611362518,0,0,0,0,1,0,0
1740,0.07,0.0,0.0,825.0,825.0,550.0,853,962,0.19,0.56,309,0,580,126,0,5.3560258571931225,0,0,0,0,1,0,0
1740,0.07,0.0,0.0,825.0,825.0,550.0,853,962,0.19,0.56,309,0,560,126,0,5.450249108319361,0,0,0,0,1,0,0
1740,0.07,0.0,0.0,825.0,825.0,550.0,853,962,0.19,0.56,309,0,560,126,0,5.495544337546448,0,0,0,0,1,0,0
1740,0.07,0.0,0.0,825.0,825.0,550.0,853,962,0.19,0.56,309,0,540,126,0,5.7160033436347994,0,0,0,0,1,0,0
1740,0.07,0.0,0.0,825.0,825.0,550.0,853,962,0.19,0.56,309,0,540,126,1,7.326335860928752,0,0,0,0,1,0,0
1740,0.07,0.0,0.0,825.0,825.0,550.0,853,962,0.19,0.56,309,0,530,126,0,6.071882007306125,0,0,0,0,1,0,0
1740,0.07,0.0,0.0,825.0,825.0,550.0,853,962,0.19,0.56,309,0,530,126,0,6.507855871695831,0,0,0,0,1,0,0
1740,0.07,0.0,0.0,825.0,825.0,550.0,853,962,0.19,0.56,309,0,530,126,1,7.326335860928752,0,0,0,0,1,0,0
1740,0.07,0.0,0.0,825.0,825.0,550.0,853,962,0.19,0.56,309,0,520,126,0,5.729974285699556,0,0,0,0,1,0,0
1740,0.07,0.0,0.0,825.0,825.0,550.0,853,962,0.19,0.56,309,0,520,126,0,6.02530586526477,0,0,0,0,1,0,0
1740,0.07,0.0,0.0,825.0,825.0,550.0,853,962,0.19,0.56,309,0,520,126,0,6.60959440922522,0,0,0,0,1,0,0
1740,0.07,0.0,0.0,825.0,825.0,550.0,853,962,0.19,0.56,309,0,510,126,1,7.326335860928752,0,0,0,0,1,0,0
1740,0.07,0.0,0.0,825.0,825.0,550.0,853,962,0.19,0.56,309,0,510,126,1,7.326335860928752,0,0,0,0,1,0,0
1740,0.07,0.0,0.0,825.0,825.0,550.0,853,962,0.19,0.56,309,0,510,126,1,7.326335860928752,0,0,0,0,1,0,0
1270,0.08,0.01,0.0,825.0,825.0,550.0,847,956,0.19,0.58,308,0,620,117,0,4.83695673705955,0,0,0,0,1,0,0
1270,0.08,0.01,0.0,825.0,825.0,550.0,847,956,0.19,0.58,308,0,620,117,0,4.893206753059848,0,0,0,0,1,0,0
1270,0.08,0.01,0.0,825.0,825.0,550.0,847,956,0.19,0.58,308,0,600,117,0,4.978180516937414,0,0,0,0,1,0,0
1270,0.08,0.01,0.0,825.0,825.0,550.0,847,956,0.19,0.58,308,0,600,117,0,5.060697840353612,0,0,0,0,1,0,0
1270,0.08,0.01,0.0,825.0,825.0,550.0,847,956,0.19,0.58,308,0,580,117,0,5.195899652409234,0,0,0,0,1,0,0
1270,0.08,0.01,0.0,825.0,825.0,550.0,847,956,0.19,0.58,308,0,580,117,0,5.3222192947339195,0,0,0,0,1,0,0
1270,0.08,0.01,0.0,825.0,825.0,550.0,847,956,0.19,0.58,308,0,560,117,0,5.296665190261531,0,0,0,0,1,0,0
1270,0.08,0.01,0.0,825.0,825.0,550.0,847,956,0.19,0.58,308,0,560,117,0,5.382017042574868,0,0,0,0,1,0,0
1270,0.08,0.01,0.0,825.0,825.0,550.0,847,956,0.19,0.58,308,0,550,117,0,5.342422680822207,0,0,0,0,1,0,0
1270,0.08,0.01,0.0,825.0,825.0,550.0,847,956,0.19,0.58,308,0,550,117,0,5.442479769064448,0,0,0,0,1,0,0
1270,0.08,0.01,0.0,825.0,825.0,550.0,847,956,0.19,0.58,308,0,540,117,0,5.737987326333431,0,0,0,0,1,0,0
1270,0.08,0.01,0.0,825.0,825.0,550.0,847,956,0.19,0.58,308,0,540,117,0,5.7419390777291985,0,0,0,0,1,0,0
1270,0.08,0.01,0.0,825.0,825.0,550.0,847,956,0.19,0.58,308,0,540,117,0,5.950364854376123,0,0,0,0,1,0,0
1270,0.08,0.01,0.0,825.0,825.0,550.0,847,956,0.19,0.58,308,0,530,117,1,7.326335860928752,0,0,0,0,1,0,0
1270,0.08,0.01,0.0,825.0,825.0,550.0,847,956,0.19,0.58,308,0,530,117,1,7.326335860928752,0,0,0,0,1,0,0
1270,0.08,0.01,0.0,825.0,825.0,550.0,847,956,0.19,0.58,308,0,530,117,1,7.326335860928752,0,0,0,0,1,0,0
1270,0.08,0.01,0.0,825.0,825.0,550.0,847,956,0.19,0.58,308,0,520,117,1,7.271841606536499,0,0,0,0,1,0,0
1270,0.08,0.01,0.0,825.0,825.0,550.0,847,956,0.19,0.58,308,0,520,117,1,7.326335860928752,0,0,0,0,1,0,0
1270,0.08,0.01,0.0,825.0,825.0,550.0,847,956,0.19,0.58,308,0,520,117,1,7.326335860928752,0,0,0,0,1,0,0
1270,0.08,0.01,0.0,825.0,825.0,550.0,847,956,0.19,0.58,308,0,510,117,1,7.326335860928752,0,0,0,0,1,0,0
1270,0.08,0.01,0.0,825.0,825.0,550.0,847,956,0.19,0.58,308,0,510,117,1,7.326335860928752,0,0,0,0,1,0,0
1270,0.08,0.01,0.0,825.0,825.0,550.0,847,956,0.19,0.58,308,0,510,117,1,7.326335860928752,0,0,0,0,1,0,0
825,0.12,0.02,0.0,825.0,825.0,550.0,717,906,0.2,0.6,280,0,580,114,0,4.595496221825574,0,0,0,0,1,0,0
825,0.12,0.02,0.0,825.0,825.0,550.0,717,906,0.2,0.6,280,0,580,114,0,4.945960703577569,0,0,0,0,1,0,0
825,0.12,0.02,0.0,825.0,825.0,550.0,717,906,0.2,0.6,280,0,560,114,0,4.817565369559781,0,0,0,0,1,0,0
825,0.12,0.02,0.0,825.0,825.0,550.0,717,906,0.2,0.6,280,0,560,114,0,5.155336037465061,0,0,0,0,1,0,0
825,0.12,0.02,0.0,825.0,825.0,550.0,717,906,0.2,0.6,280,0,540,114,0,5.143014800254095,0,0,0,0,1,0,0
825,0.12,0.02,0.0,825.0,825.0,550.0,717,906,0.2,0.6,280,0,540,114,0,5.146128035678238,0,0,0,0,1,0,0
825,0.12,0.02,0.0,825.0,825.0,550.0,717,906,0.2,0.6,280,0,520,114,0,5.382017042574868,0,0,0,0,1,0,0
825,0.12,0.02,0.0,825.0,825.0,550.0,717,906,0.2,0.6,280,0,520,114,0,5.775974331129369,0,0,0,0,1,0,0
825,0.12,0.02,0.0,825.0,825.0,550.0,717,906,0.2,0.6,280,0,500,114,0,5.587710965018911,0,0,0,0,1,0,0
825,0.12,0.02,0.0,825.0,825.0,550.0,717,906,0.2,0.6,280,0,500,114,0,5.889861721258188,0,0,0,0,1,0,0
825,0.12,0.02,0.0,825.0,825.0,550.0,717,906,0.2,0.6,280,0,570,114,0,6.510545010206612,0,0,0,0,1,0,0
825,0.12,0.02,0.0,825.0,825.0,550.0,717,906,0.2,0.6,280,0,570,114,1,7.143014800254095,0,0,0,0,1,0,0
825,0.12,0.02,0.0,825.0,825.0,550.0,717,906,0.2,0.6,280,0,570,114,1,7.243038048686294,0,0,0,0,1,0,0
825,0.12,0.02,0.0,825.0,825.0,550.0,717,906,0.2,0.6,280,0,580,114,0,6.17897694729317,0,0,0,0,1,0,0
825,0.12,0.02,0.0,825.0,825.0,550.0,717,906,0.2,0.6,280,0,580,114,1,7.326335860928752,0,0,0,0,1,0,0
825,0.12,0.02,0.0,825.0,825.0,550.0,717,906,0.2,0.6,280,0,580,114,1,7.326335860928752,0,0,0,0,1,0,0
825,0.12,0.02,0.0,825.0,825.0,550.0,717,906,0.2,0.6,280,0,570,114,1,7.326335860928752,0,0,0,0,1,0,0
825,0.12,0.02,0.0,825.0,825.0,550.0,717,906,0.2,0.6,280,0,570,114,1,7.326335860928752,0,0,0,0,1,0,0
825,0.12,0.02,0.0,825.0,825.0,550.0,717,906,0.2,0.6,280,0,570,114,1,7.326335860928752,0,0,0,0,1,0,0
660,0.06,0.0,0.0,825.0,825.0,550.0,795,967,0.18,0.55,317,0,620,108,0,4.770115294787102,0,0,0,0,1,0,0
660,0.06,0.0,0.0,825.0,825.0,550.0,795,967,0.18,0.55,317,0,620,108,0,4.966610986681935,0,0,0,0,1,0,0
660,0.06,0.0,0.0,825.0,825.0,550.0,795,967,0.18,0.55,317,0,600,108,0,4.721810615212546,0,0,0,0,1,0,0
660,0.06,0.0,0.0,825.0,825.0,550.0,795,967,0.18,0.55,317,0,600,108,0,5.1673173347481764,0,0,0,0,1,0,0
660,0.06,0.0,0.0,825.0,825.0,550.0,795,967,0.18,0.55,317,0,580,108,0,5.060697840353612,0,0,0,0,1,0,0
660,0.06,0.0,0.0,825.0,825.0,550.0,795,967,0.18,0.55,317,0,580,108,0,5.204119982655925,0,0,0,0,1,0,0
660,0.06,0.0,0.0,825.0,825.0,550.0,795,967,0.18,0.55,317,0,560,108,0,5.271841606536499,0,0,0,0,1,0,0
660,0.06,0.0,0.0,825.0,825.0,550.0,795,967,0.18,0.55,317,0,560,108,0,5.537819095073274,0,0,0,0,1,0,0
660,0.06,0.0,0.0,825.0,825.0,550.0,795,967,0.18,0.55,317,0,540,108,0,5.465382851448418,0,0,0,0,1,0,0
660,0.06,0.0,0.0,825.0,825.0,550.0,795,967,0.18,0.55,317,0,540,108,0,5.702430536445525,0,0,0,0,1,0,0
660,0.06,0.0,0.0,825.0,825.0,550.0,795,967,0.18,0.55,317,0,520,108,0,5.752816431188271,0,0,0,0,1,0,0
660,0.06,0.0,0.0,825.0,825.0,550.0,795,967,0.18,0.55,317,0,520,108,0,6.294466226161593,0,0,0,0,1,0,0
660,0.06,0.0,0.0,825.0,825.0,550.0,795,967,0.18,0.55,317,0,500,108,0,5.460897842756548,0,0,0,0,1,0,0
660,0.06,0.0,0.0,825.0,825.0,550.0,795,967,0.18,0.55,317,0,500,108,0,5.519827993775719,0,0,0,0,1,0,0
660,0.06,0.0,0.0,825.0,825.0,550.0,795,967,0.18,0.55,317,0,500,108,1,7.326335860928752,0,0,0,0,1,0,0
660,0.06,0.0,0.0,825.0,825.0,550.0,795,967,0.18,0.55,317,0,500,108,1,7.326335860928752,0,0,0,0,1,0,0
660,0.06,0.0,0.0,825.0,825.0,550.0,795,967,0.18,0.55,317,0,480,108,1,7.326335860928752,0,0,0,0,1,0,0
660,0.06,0.0,0.0,825.0,825.0,550.0,795,967,0.18,0.55,317,0,480,108,1,7.326335860928752,0,0,0,0,1,0,0
660,0.06,0.0,0.0,825.0,825.0,550.0,795,967,0.18,0.55,317,0,480,108,1,7.326335860928752,0,0,0,0,1,0,0
1740,0.08,0.0,0.0,825.0,825.0,550.0,849,957,0.19,0.59,314,0,620,129,0,4.7450747915820575,0,0,0,0,1,0,0
1740,0.08,0.0,0.0,825.0,825.0,550.0,849,957,0.19,0.59,314,0,620,129,0,4.898176483497677,0,0,0,0,1,0,0
1740,0.08,0.0,0.0,825.0,825.0,550.0,849,957,0.19,0.59,314,0,600,129,0,4.833147111912785,0,0,0,0,1,0,0
1740,0.08,0.0,0.0,825.0,825.0,550.0,849,957,0.19,0.59,314,0,600,129,0,5.056904851336473,0,0,0,0,1,0,0
1740,0.08,0.0,0.0,825.0,825.0,550.0,849,957,0.19,0.59,314,0,580,129,0,5.235528446907549,0,0,0,0,1,0,0
1740,0.08,0.0,0.0,825.0,825.0,550.0,849,957,0.19,0.59,314,0,580,129,0,5.269512944217916,0,0,0,0,1,0,0
1740,0.08,0.0,0.0,825.0,825.0,550.0,849,957,0.19,0.59,314,0,560,129,0,5.342422680822207,0,0,0,0,1,0,0
1740,0.08,0.0,0.0,825.0,825.0,550.0,849,957,0.19,0.59,314,0,560,129,0,5.615950051656401,0,0,0,0,1,0,0
1740,0.08,0.0,0.0,825.0,825.0,550.0,849,957,0.19,0.59,314,0,550,129,0,5.442479769064448,0,0,0,0,1,0,0
1740,0.08,0.0,0.0,825.0,825.0,550.0,849,957,0.19,0.59,314,0,550,129,0,5.491361693834273,0,0,0,0,1,0,0
1740,0.08,0.0,0.0,825.0,825.0,550.0,849,957,0.19,0.59,314,0,540,129,0,5.763427993562937,0,0,0,0,1,0,0
1740,0.08,0.0,0.0,825.0,825.0,550.0,849,957,0.19,0.59,314,0,540,129,0,6.079181246047625,0,0,0,0,1,0,0
1740,0.08,0.0,0.0,825.0,825.0,550.0,849,957,0.19,0.59,314,0,530,129,0,5.662757831681574,0,0,0,0,1,0,0
1740,0.08,0.0,0.0,825.0,825.0,550.0,849,957,0.19,0.59,314,0,530,129,1,7.071882007306125,0,0,0,0,1,0,0
1740,0.08,0.0,0.0,825.0,825.0,550.0,849,957,0.19,0.59,314,0,530,129,1,7.326335860928752,0,0,0,0,1,0,0
1740,0.08,0.0,0.0,825.0,825.0,550.0,849,957,0.19,0.59,314,0,520,129,1,7.096910013008056,0,0,0,0,1,0,0
1740,0.08,0.0,0.0,825.0,825.0,550.0,849,957,0.19,0.59,314,0,520,129,1,7.2405492482825995,0,0,0,0,1,0,0
1740,0.08,0.0,0.0,825.0,825.0,550.0,849,957,0.19,0.59,314,0,520,129,1,7.326335860928752,0,0,0,0,1,0,0
1740,0.08,0.0,0.0,825.0,825.0,550.0,849,957,0.19,0.59,314,0,510,129,0,6.1673173347481764,0,0,0,0,1,0,0
1740,0.08,0.0,0.0,825.0,825.0,550.0,849,957,0.19,0.59,314,0,510,129,0,6.956168430475364,0,0,0,0,1,0,0
1740,0.08,0.0,0.0,825.0,825.0,550.0,849,957,0.19,0.59,314,0,510,129,1,7.326335860928752,0,0,0,0,1,0,0
1740,0.08,0.0,0.0,825.0,825.0,550.0,849,957,0.19,0.59,314,0,500,129,0,6.117271295655764,0,0,0,0,1,0,0
1740,0.08,0.0,0.0,825.0,825.0,550.0,849,957,0.19,0.59,314,0,500,129,1,7.326335860928752,0,0,0,0,1,0,0
1740,0.08,0.0,0.0,825.0,825.0,550.0,849,957,0.19,0.59,314,0,500,129,1,7.326335860928752,0,0,0,0,1,0,0
1270,0.09,0.0,0.0,825.0,825.0,550.0,852,957,0.19,0.58,306,0,640,120,0,4.6180480967120925,0,0,0,0,1,0,0
1270,0.09,0.0,0.0,825.0,825.0,550.0,852,957,0.19,0.58,306,0,640,120,0,4.710117365111817,0,0,0,0,1,0,0
1270,0.09,0.0,0.0,825.0,825.0,550.0,852,957,0.19,0.58,306,0,620,120,0,4.901458321396112,0,0,0,0,1,0,0
1270,0.09,0.0,0.0,825.0,825.0,550.0,852,957,0.19,0.58,306,0,620,120,0,4.914343157119441,0,0,0,0,1,0,0
1270,0.09,0.0,0.0,825.0,825.0,550.0,852,957,0.19,0.58,306,0,600,120,0,5.060697840353612,0,0,0,0,1,0,0
1270,0.09,0.0,0.0,825.0,825.0,550.0,852,957,0.19,0.58,306,0,600,120,0,5.093421685162235,0,0,0,0,1,0,0
1270,0.09,0.0,0.0,825.0,825.0,550.0,852,957,0.19,0.58,306,0,580,120,0,5.2455126678141495,0,0,0,0,1,0,0
1270,0.09,0.0,0.0,825.0,825.0,550.0,852,957,0.19,0.58,306,0,580,120,0,5.26245108973043,0,0,0,0,1,0,0
1270,0.09,0.0,0.0,825.0,825.0,550.0,852,957,0.19,0.58,306,0,560,120,0,5.429752280002408,0,0,0,0,1,0,0
1270,0.09,0.0,0.0,825.0,825.0,550.0,852,957,0.19,0.58,306,0,560,120,0,5.4361626470407565,0,0,0,0,1,0,0
1270,0.09,0.0,0.0,825.0,825.0,550.0,852,957,0.19,0.58,306,0,540,120,0,5.394451680826216,0,0,0,0,1,0,0
1270,0.09,0.0,0.0,825.0,825.0,550.0,852,957,0.19,0.58,306,0,540,120,0,5.628388930050312,0,0,0,0,1,0,0
1270,0.09,0.0,0.0,825.0,825.0,550.0,852,957,0.19,0.58,306,0,540,120,0,5.654176541877961,0,0,0,0,1,0,0
1270,0.09,0.0,0.0,825.0,825.0,550.0,852,957,0.19,0.58,306,0,530,120,0,5.7558748556724915,0,0,0,0,1,0,0
1270,0.09,0.0,0.0,825.0,825.0,550.0,852,957,0.19,0.58,306,0,530,120,1,7.247973266361806,0,0,0,0,1,0,0
1270,0.09,0.0,0.0,825.0,825.0,550.0,852,957,0.19,0.58,306,0,530,120,1,7.326335860928752,0,0,0,0,1,0,0
1270,0.09,0.0,0.0,825.0,825.0,550.0,852,957,0.19,0.58,306,0,520,120,1,7.326335860928752,0,0,0,0,1,0,0
1270,0.09,0.0,0.0,825.0,825.0,550.0,852,957,0.19,0.58,306,0,520,120,1,7.326335860928752,0,0,0,0,1,0,0
1270,0.09,0.0,0.0,825.0,825.0,550.0,852,957,0.19,0.58,306,0,520,120,1,7.326335860928752,0,0,0,0,1,0,0
1270,0.1,0.01,0.0,825.0,825.0,550.0,875,985,0.19,0.56,319,0,640,123,0,4.770852011642144,0,0,0,0,1,0,0
1270,0.1,0.01,0.0,825.0,825.0,550.0,875,985,0.19,0.56,319,0,640,123,0,4.824776462475546,0,0,0,0,1,0,0
1270,0.1,0.01,0.0,825.0,825.0,550.0,875,985,0.19,0.56,319,0,620,123,0,4.924795995797912,0,0,0,0,1,0,0
1270,0.1,0.01,0.0,825.0,825.0,550.0,875,985,0.19,0.56,319,0,620,123,0,4.980003371583746,0,0,0,0,1,0,0
1270,0.1,0.01,0.0,825.0,825.0,550.0,875,985,0.19,0.56,319,0,600,123,0,5.133538908370218,0,0,0,0,1,0,0
1270,0.1,0.01,0.0,825.0,825.0,550.0,875,985,0.19,0.56,319,0,600,123,0,5.20682587603185,0,0,0,0,1,0,0
1270,0.1,0.01,0.0,825.0,825.0,550.0,875,985,0.19,0.56,319,0,580,123,0,5.326335860928752,0,0,0,0,1,0,0
1270,0.1,0.01,0.0,825.0,825.0,550.0,875,985,0.19,0.56,319,0,580,123,0,5.394451680826216,0,0,0,0,1,0,0
1270,0.1,0.01,0.0,825.0,825.0,550.0,875,985,0.19,0.56,319,0,560,123,0,5.477121254719663,0,0,0,0,1,0,0
1270,0.1,0.01,0.0,825.0,825.0,550.0,875,985,0.19,0.56,319,0,560,123,0,5.570542939881897,0,0,0,0,1,0,0
1270,0.1,0.01,0.0,825.0,825.0,550.0,875,985,0.19,0.56,319,0,540,123,0,5.755112266395071,0,0,0,0,1,0,0
1270,0.1,0.01,0.0,825.0,825.0,550.0,875,985,0.19,0.56,319,0,540,123,0,5.795184589682424,0,0,0,0,1,0,0
1270,0.1,0.01,0.0,825.0,825.0,550.0,875,985,0.19,0.56,319,0,540,123,1,7.326335860928752,0,0,0,0,1,0,0
1270,0.1,0.01,0.0,825.0,825.0,550.0,875,985,0.19,0.56,319,0,530,123,0,5.8208579894397,0,0,0,0,1,0,0
1270,0.1,0.01,0.0,825.0,825.0,550.0,875,985,0.19,0.56,319,0,530,123,1,7.326335860928752,0,0,0,0,1,0,0
1270,0.1,0.01,0.0,825.0,825.0,550.0,875,985,0.19,0.56,319,0,530,123,1,7.326335860928752,0,0,0,0,1,0,0
1270,0.1,0.01,0.0,825.0,825.0,550.0,875,985,0.19,0.56,319,0,520,123,1,7.326335860928752,0,0,0,0,1,0,0
1270,0.1,0.01,0.0,825.0,825.0,550.0,875,985,0.19,0.56,319,0,520,123,1,7.326335860928752,0,0,0,0,1,0,0
1270,0.1,0.01,0.0,825.0,825.0,550.0,875,985,0.19,0.56,319,0,520,123,1,7.326335860928752,0,0,0,0,1,0,0
610,0.06,0.0,0.04,825.0,825.0,550.0,698,918,0.2,0.56,291,0,600,102,0,4.6211762817750355,0,0,0,0,1,0,0
610,0.06,0.0,0.04,825.0,825.0,550.0,698,918,0.2,0.56,291,0,600,102,0,4.649334858712142,0,0,0,0,1,0,0
610,0.06,0.0,0.04,825.0,825.0,550.0,698,918,0.2,0.56,291,0,580,102,0,4.7450747915820575,0,0,0,0,1,0,0
610,0.06,0.0,0.04,825.0,825.0,550.0,698,918,0.2,0.56,291,0,580,102,0,5.107209969647869,0,0,0,0,1,0,0
610,0.06,0.0,0.04,825.0,825.0,550.0,698,918,0.2,0.56,291,0,560,102,0,5.139879086401237,0,0,0,0,1,0,0
610,0.06,0.0,0.04,825.0,825.0,550.0,698,918,0.2,0.56,291,0,560,102,0,5.155336037465061,0,0,0,0,1,0,0
610,0.06,0.0,0.04,825.0,825.0,550.0,698,918,0.2,0.56,291,0,540,102,0,5.217483944213907,0,0,0,0,1,0,0
610,0.06,0.0,0.04,825.0,825.0,550.0,698,918,0.2,0.56,291,0,540,102,0,5.501059262217751,0,0,0,0,1,0,0
610,0.06,0.0,0.04,825.0,825.0,550.0,698,918,0.2,0.56,291,0,520,102,0,5.3560258571931225,0,0,0,0,1,0,0
610,0.06,0.0,0.04,825.0,825.0,550.0,698,918,0.2,0.56,291,0,520,102,0,5.416640507338281,0,0,0,0,1,0,0
610,0.06,0.0,0.04,825.0,825.0,550.0,698,918,0.2,0.56,291,0,500,102,0,5.643452676486188,0,0,0,0,1,0,0
610,0.06,0.0,0.04,825.0,825.0,550.0,698,918,0.2,0.56,291,0,500,102,0,6.093421685162235,0,0,0,0,1,0,0
610,0.06,0.0,0.04,825.0,825.0,550.0,698,918,0.2,0.56,291,0,500,102,1,7.326335860928752,0,0,0,0,1,0,0
610,0.06,0.0,0.04,825.0,825.0,550.0,698,918,0.2,0.56,291,0,490,102,0,5.837588438235511,0,0,0,0,1,0,0
610,0.06,0.0,0.04,825.0,825.0,550.0,698,918,0.2,0.56,291,0,490,102,0,6.152288344383057,0,0,0,0,1,0,0
610,0.06,0.0,0.04,825.0,825.0,550.0,698,918,0.2,0.56,291,0,490,102,1,7.326335860928752,0,0,0,0,1,0,0
610,0.06,0.0,0.04,825.0,825.0,550.0,698,918,0.2,0.56,291,0,480,102,1,7.326335860928752,0,0,0,0,1,0,0
610,0.06,0.0,0.04,825.0,825.0,550.0,698,918,0.2,0.56,291,0,480,102,1,7.326335860928752,0,0,0,0,1,0,0
610,0.06,0.0,0.04,825.0,825.0,550.0,698,918,0.2,0.56,291,0,480,102,1,7.326335860928752,0,0,0,0,1,0,0
1740,0.09,0.0,0.0,825.0,825.0,550.0,810,929,0.18,0.6,307,0,620,132,0,4.761175813155732,0,0,0,0,1,0,0
1740,0.09,0.0,0.0,825.0,825.0,550.0,810,929,0.18,0.6,307,0,620,132,0,4.8228216453031045,0,0,0,0,1,0,0
1740,0.09,0.0,0.0,825.0,825.0,550.0,810,929,0.18,0.6,307,0,600,132,0,4.925827574624742,0,0,0,0,1,0,0
1740,0.09,0.0,0.0,825.0,825.0,550.0,810,929,0.18,0.6,307,0,600,132,0,4.982723387668545,0,0,0,0,1,0,0
1740,0.09,0.0,0.0,825.0,825.0,550.0,810,929,0.18,0.6,307,0,580,132,0,5.08278537031645,0,0,0,0,1,0,0
1740,0.09,0.0,0.0,825.0,825.0,550.0,810,929,0.18,0.6,307,0,580,132,0,5.278753600952829,0,0,0,0,1,0,0
1740,0.09,0.0,0.0,825.0,825.0,550.0,810,929,0.18,0.6,307,0,560,132,0,5.26245108973043,0,0,0,0,1,0,0
1740,0.09,0.0,0.0,825.0,825.0,550.0,810,929,0.18,0.6,307,0,560,132,0,5.363611979892144,0,0,0,0,1,0,0
1740,0.09,0.0,0.0,825.0,825.0,550.0,810,929,0.18,0.6,307,0,540,132,0,5.426511261364575,0,0,0,0,1,0,0
1740,0.09,0.0,0.0,825.0,825.0,550.0,810,929,0.18,0.6,307,0,540,132,0,5.523746466811565,0,0,0,0,1,0,0
1740,0.09,0.0,0.0,825.0,825.0,550.0,810,929,0.18,0.6,307,0,520,132,0,5.491361693834273,0,0,0,0,1,0,0
1740,0.09,0.0,0.0,825.0,825.0,550.0,810,929,0.18,0.6,307,0,520,132,0,5.9164539485499255,0,0,0,0,1,0,0
1740,0.09,0.0,0.0,825.0,825.0,550.0,810,929,0.18,0.6,307,0,510,132,0,5.733999286538387,0,0,0,0,1,0,0
1740,0.09,0.0,0.0,825.0,825.0,550.0,810,929,0.18,0.6,307,0,510,132,0,5.915927211697116,0,0,0,0,1,0,0
1740,0.09,0.0,0.0,825.0,825.0,550.0,810,929,0.18,0.6,307,0,510,132,0,6.9656719712201065,0,0,0,0,1,0,0
1740,0.09,0.0,0.0,825.0,825.0,550.0,810,929,0.18,0.6,307,0,500,132,1,7.037426497940624,0,0,0,0,1,0,0
1740,0.09,0.0,0.0,825.0,825.0,550.0,810,929,0.18,0.6,307,0,500,132,1,7.247973266361806,0,0,0,0,1,0,0
1740,0.09,0.0,0.0,825.0,825.0,550.0,810,929,0.18,0.6,307,0,500,132,1,7.326335860928752,0,0,0,0,1,0,0
1740,0.09,0.0,0.0,825.0,825.0,550.0,810,929,0.18,0.6,307,0,490,132,1,7.326335860928752,0,0,0,0,1,0,0
1740,0.09,0.0,0.0,825.0,825.0,550.0,810,929,0.18,0.6,307,0,490,132,1,7.326335860928752,0,0,0,0,1,0,0
1740,0.09,0.0,0.0,825.0,825.0,550.0,810,929,0.18,0.6,307,0,490,132,1,7.326335860928752,0,0,0,0,1,0,0
1740,0.07,0.0,0.0,825.0,825.0,600.0,755,854,0.22,0.6,276,0,580,127,0,4.465382851448418,0,0,0,0,1,0,0
1740,0.07,0.0,0.0,825.0,825.0,600.0,755,854,0.22,0.6,276,0,560,127,0,4.806858029518818,0,0,0,0,1,0,0
1740,0.07,0.0,0.0,825.0,825.0,600.0,755,854,0.22,0.6,276,0,560,127,0,4.811575005870593,0,0,0,0,1,0,0
1740,0.07,0.0,0.0,825.0,825.0,600.0,755,854,0.22,0.6,276,0,540,127,0,4.964259630196849,0,0,0,0,1,0,0
1740,0.07,0.0,0.0,825.0,825.0,600.0,755,854,0.22,0.6,276,0,540,127,0,5.060697840353612,0,0,0,0,1,0,0
1740,0.07,0.0,0.0,825.0,825.0,600.0,755,854,0.22,0.6,276,0,520,127,0,5.225309281725863,0,0,0,0,1,0,0
1740,0.07,0.0,0.0,825.0,825.0,600.0,755,854,0.22,0.6,276,0,520,127,0,5.298853076409706,0,0,0,0,1,0,0
1740,0.07,0.0,0.0,825.0,825.0,600.0,755,854,0.22,0.6,276,0,500,127,0,5.492760389026838,0,0,0,0,1,0,0
1740,0.07,0.0,0.0,825.0,825.0,600.0,755,854,0.22,0.6,276,0,500,127,0,5.606381365110605,0,0,0,0,1,0,0
1740,0.07,0.0,0.0,825.0,825.0,600.0,755,854,0.22,0.6,276,0,490,127,0,5.64738297011462,0,0,0,0,1,0,0
1740,0.07,0.0,0.0,825.0,825.0,600.0,755,854,0.22,0.6,276,0,490,127,0,5.6739419986340875,0,0,0,0,1,0,0
1740,0.07,0.0,0.0,825.0,825.0,600.0,755,854,0.22,0.6,276,0,480,127,0,5.620136054973758,0,0,0,0,1,0,0
1740,0.07,0.0,0.0,825.0,825.0,600.0,755,854,0.22,0.6,276,0,480,127,0,5.657055852857104,0,0,0,0,1,0,0
1740,0.07,0.0,0.0,825.0,825.0,600.0,755,854,0.22,0.6,276,0,480,127,0,5.712649701627211,0,0,0,0,1,0,0
1740,0.07,0.0,0.0,825.0,825.0,600.0,755,854,0.22,0.6,276,0,470,127,0,6.021189299069938,0,0,0,0,1,0,0
1740,0.07,0.0,0.0,825.0,825.0,600.0,755,854,0.22,0.6,276,0,470,127,0,6.365487984890899,0,0,0,0,1,0,0
1740,0.07,0.0,0.0,825.0,825.0,600.0,755,854,0.22,0.6,276,0,470,127,1,7.326335860928752,0,0,0,0,1,0,0
1740,0.07,0.0,0.0,825.0,825.0,600.0,755,854,0.22,0.6,276,0,460,127,1,7.326335860928752,0,0,0,0,1,0,0
1740,0.07,0.0,0.0,825.0,825.0,600.0,755,854,0.22,0.6,276,0,460,127,1,7.326335860928752,0,0,0,0,1,0,0
1740,0.07,0.0,0.0,825.0,825.0,600.0,755,854,0.22,0.6,276,0,460,127,1,7.326335860928752,0,0,0,0,1,0,0
1270,0.08,0.01,0.0,825.0,825.0,600.0,748,848,0.22,0.6,275,0,560,118,0,4.79657433321043,0,0,0,0,1,0,0
1270,0.08,0.01,0.0,825.0,825.0,600.0,748,848,0.22,0.6,275,0,560,118,0,4.84323277809801,0,0,0,0,1,0,0
1270,0.08,0.01,0.0,825.0,825.0,600.0,748,848,0.22,0.6,275,0,540,118,0,5.1003705451175625,0,0,0,0,1,0,0
1270,0.08,0.01,0.0,825.0,825.0,600.0,748,848,0.22,0.6,275,0,540,118,0,5.127104798364807,0,0,0,0,1,0,0
1270,0.08,0.01,0.0,825.0,825.0,600.0,748,848,0.22,0.6,275,0,520,118,0,5.204119982655925,0,0,0,0,1,0,0
1270,0.08,0.01,0.0,825.0,825.0,600.0,748,848,0.22,0.6,275,0,520,118,0,5.357934847000454,0,0,0,0,1,0,0
1270,0.08,0.01,0.0,825.0,825.0,600.0,748,848,0.22,0.6,275,0,500,118,0,5.459392487759231,0,0,0,0,1,0,0
1270,0.08,0.01,0.0,825.0,825.0,600.0,748,848,0.22,0.6,275,0,500,118,0,5.574031267727719,0,0,0,0,1,0,0
1270,0.08,0.01,0.0,825.0,825.0,600.0,748,848,0.22,0.6,275,0,480,118,0,5.770115294787102,0,0,0,0,1,0,0
1270,0.08,0.01,0.0,825.0,825.0,600.0,748,848,0.22,0.6,275,0,480,118,0,5.937016107464814,0,0,0,0,1,0,0
1270,0.08,0.01,0.0,825.0,825.0,600.0,748,848,0.22,0.6,275,0,480,118,0,5.939519252618618,0,0,0,0,1,0,0
1270,0.08,0.01,0.0,825.0,825.0,600.0,748,848,0.22,0.6,275,0,460,118,0,5.9965116721541785,0,0,0,0,1,0,0
1270,0.08,0.01,0.0,825.0,825.0,600.0,748,848,0.22,0.6,275,0,460,118,1,7.326335860928752,0,0,0,0,1,0,0
1270,0.08,0.01,0.0,825.0,825.0,600.0,748,848,0.22,0.6,275,0,460,118,1,7.326335860928752,0,0,0,0,1,0,0
1270,0.08,0.01,0.0,825.0,825.0,600.0,748,848,0.22,0.6,275,0,450,118,0,6.079181246047625,0,0,0,0,1,0,0
1270,0.08,0.01,0.0,825.0,825.0,600.0,748,848,0.22,0.6,275,0,450,118,1,7.326335860928752,0,0,0,0,1,0,0
1270,0.08,0.01,0.0,825.0,825.0,600.0,748,848,0.22,0.6,275,0,450,118,1,7.326335860928752,0,0,0,0,1,0,0
1270,0.08,0.01,0.0,825.0,825.0,600.0,748,848,0.22,0.6,275,0,440,118,1,7.326335860928752,0,0,0,0,1,0,0
1270,0.08,0.01,0.0,825.0,825.0,600.0,748,848,0.22,0.6,275,0,440,118,1,7.326335860928752,0,0,0,0,1,0,0
1270,0.08,0.01,0.0,825.0,825.0,600.0,748,848,0.22,0.6,275,0,440,118,1,7.326335860928752,0,0,0,0,1,0,0
825,0.12,0.02,0.0,825.0,825.0,600.0,639,823,0.24,0.64,261,0,520,115,0,4.705863712283919,0,0,0,0,1,0,0
825,0.12,0.02,0.0,825.0,825.0,600.0,639,823,0.24,0.64,261,0,520,115,0,4.8020892578817325,0,0,0,0,1,0,0
825,0.12,0.02,0.0,825.0,825.0,600.0,639,823,0.24,0.64,261,0,500,115,0,5.161368002234975,0,0,0,0,1,0,0
825,0.12,0.02,0.0,825.0,825.0,600.0,639,823,0.24,0.64,261,0,500,115,0,5.181843587944773,0,0,0,0,1,0,0
825,0.12,0.02,0.0,825.0,825.0,600.0,639,823,0.24,0.64,261,0,480,115,0,5.383815365980431,0,0,0,0,1,0,0
825,0.12,0.02,0.0,825.0,825.0,600.0,639,823,0.24,0.64,261,0,480,115,0,5.491361693834273,0,0,0,0,1,0,0
825,0.12,0.02,0.0,825.0,825.0,600.0,639,823,0.24,0.64,261,0,470,115,0,5.1673173347481764,0,0,0,0,1,0,0
825,0.12,0.02,0.0,825.0,825.0,600.0,639,823,0.24,0.64,261,0,460,115,0,5.494154594018442,0,0,0,0,1,0,0
825,0.12,0.02,0.0,825.0,825.0,600.0,639,823,0.24,0.64,261,0,460,115,0,5.63748972951251,0,0,0,0,1,0,0
825,0.12,0.02,0.0,825.0,825.0,600.0,639,823,0.24,0.64,261,0,450,115,0,5.603144372620182,0,0,0,0,1,0,0
825,0.12,0.02,0.0,825.0,825.0,600.0,639,823,0.24,0.64,261,0,450,115,0,5.68304703823885,0,0,0,0,1,0,0
825,0.12,0.02,0.0,825.0,825.0,600.0,639,823,0.24,0.64,261,0,450,115,1,7.326335860928752,0,0,0,0,1,0,0
825,0.12,0.02,0.0,825.0,825.0,600.0,639,823,0.24,0.64,261,0,440,115,1,7.08278537031645,0,0,0,0,1,0,0
825,0.12,0.02,0.0,825.0,825.0,600.0,639,823,0.24,0.64,261,0,440,115,1,7.326335860928752,0,0,0,0,1,0,0
825,0.12,0.02,0.0,825.0,825.0,600.0,639,823,0.24,0.64,261,0,440,115,1,7.326335860928752,0,0,0,0,1,0,0
825,0.12,0.02,0.0,825.0,825.0,600.0,639,823,0.24,0.64,261,0,430,115,1,7.096910013008056,0,0,0,0,1,0,0
825,0.12,0.02,0.0,825.0,825.0,600.0,639,823,0.24,0.64,261,0,430,115,1,7.326335860928752,0,0,0,0,1,0,0
825,0.12,0.02,0.0,825.0,825.0,600.0,639,823,0.24,0.64,261,0,430,115,1,7.326335860928752,0,0,0,0,1,0,0
825,0.12,0.02,0.0,825.0,825.0,600.0,639,823,0.24,0.64,261,0,420,115,0,6.532754378992498,0,0,0,0,1,0,0
825,0.12,0.02,0.0,825.0,825.0,600.0,639,823,0.24,0.64,261,0,420,115,1,7.326335860928752,0,0,0,0,1,0,0
825,0.12,0.02,0.0,825.0,825.0,600.0,639,823,0.24,0.64,261,0,420,115,1,7.326335860928752,0,0,0,0,1,0,0
825,0.12,0.02,0.0,825.0,825.0,600.0,639,823,0.24,0.64,261,0,410,115,1,7.252853030979893,0,0,0,0,1,0,0
825,0.12,0.02,0.0,825.0,825.0,600.0,639,823,0.24,0.64,261,0,410,115,1,7.324282455297693,0,0,0,0,1,0,0
825,0.12,0.02,0.0,825.0,825.0,600.0,639,823,0.24,0.64,261,0,410,115,1,7.324282455297693,0,0,0,0,1,0,0
660,0.06,0.0,0.0,825.0,825.0,600.0,703,860,0.19,0.58,283,0,560,109,0,4.8169038393756605,0,0,0,0,1,0,0
660,0.06,0.0,0.0,825.0,825.0,600.0,703,860,0.19,0.58,283,0,560,109,0,4.907411360774586,0,0,0,0,1,0,0
660,0.06,0.0,0.0,825.0,825.0,600.0,703,860,0.19,0.58,283,0,540,109,0,4.81424759573192,0,0,0,0,1,0,0
660,0.06,0.0,0.0,825.0,825.0,600.0,703,860,0.19,0.58,283,0,540,109,0,5.008600171761918,0,0,0,0,1,0,0
660,0.06,0.0,0.0,825.0,825.0,600.0,703,860,0.19,0.58,283,0,520,109,0,5.195899652409234,0,0,0,0,1,0,0
660,0.06,0.0,0.0,825.0,825.0,600.0,703,860,0.19,0.58,283,0,520,109,0,5.324282455297693,0,0,0,0,1,0,0
660,0.06,0.0,0.0,825.0,825.0,600.0,703,860,0.19,0.58,283,0,500,109,0,5.505149978319906,0,0,0,0,1,0,0
660,0.06,0.0,0.0,825.0,825.0,600.0,703,860,0.19,0.58,283,0,500,109,0,5.685741738602264,0,0,0,0,1,0,0
660,0.06,0.0,0.0,825.0,825.0,600.0,703,860,0.19,0.58,283,0,480,109,0,5.4361626470407565,0,0,0,0,1,0,0
660,0.06,0.0,0.0,825.0,825.0,600.0,703,860,0.19,0.58,283,0,480,109,0,5.593286067020458,0,0,0,0,1,0,0
660,0.06,0.0,0.0,825.0,825.0,600.0,703,860,0.19,0.58,283,0,460,109,0,5.6739419986340875,0,0,0,0,1,0,0
660,0.06,0.0,0.0,825.0,825.0,600.0,703,860,0.19,0.58,283,0,460,109,0,5.931457870689005,0,0,0,0,1,0,0
660,0.06,0.0,0.0,825.0,825.0,600.0,703,860,0.19,0.58,283,0,460,109,1,7.326335860928752,0,0,0,0,1,0,0
660,0.06,0.0,0.0,825.0,825.0,600.0,703,860,0.19,0.58,283,0,450,109,0,5.975891136401793,0,0,0,0,1,0,0
660,0.06,0.0,0.0,825.0,825.0,600.0,703,860,0.19,0.58,283,0,450,109,1,7.326335860928752,0,0,0,0,1,0,0
660,0.06,0.0,0.0,825.0,825.0,600.0,703,860,0.19,0.58,283,0,450,109,1,7.326335860928752,0,0,0,0,1,0,0
660,0.06,0.0,0.0,825.0,825.0,600.0,703,860,0.19,0.58,283,0,440,109,1,7.326335860928752,0,0,0,0,1,0,0
660,0.06,0.0,0.0,825.0,825.0,600.0,703,860,0.19,0.58,283,0,440,109,1,7.326335860928752,0,0,0,0,1,0,0
660,0.06,0.0,0.0,825.0,825.0,600.0,703,860,0.19,0.58,283,0,440,109,1,7.326335860928752,0,0,0,0,1,0,0
825,0.1,0.0,0.0,825.0,825.0,600.0,586,830,0.23,0.63,259,0,520,112,0,4.75815462196739,0,0,0,0,1,0,0
825,0.1,0.0,0.0,825.0,825.0,600.0,586,830,0.23,0.63,259,0,520,112,0,4.801403710017355,0,0,0,0,1,0,0
825,0.1,0.0,0.0,825.0,825.0,600.0,586,830,0.23,0.63,259,0,500,112,0,5.176091259055681,0,0,0,0,1,0,0
825,0.1,0.0,0.0,825.0,825.0,600.0,586,830,0.23,0.63,259,0,500,112,0,5.220108088040055,0,0,0,0,1,0,0
825,0.1,0.0,0.0,825.0,825.0,600.0,586,830,0.23,0.63,259,0,480,112,0,5.383815365980431,0,0,0,0,1,0,0
825,0.1,0.0,0.0,825.0,825.0,600.0,586,830,0.23,0.63,259,0,480,112,0,5.5276299008713385,0,0,0,0,1,0,0
825,0.1,0.0,0.0,825.0,825.0,600.0,586,830,0.23,0.63,259,0,470,112,0,5.471291711058939,0,0,0,0,1,0,0
825,0.1,0.0,0.0,825.0,825.0,600.0,586,830,0.23,0.63,259,0,470,112,0,5.5843312243675305,0,0,0,0,1,0,0
825,0.1,0.0,0.0,825.0,825.0,600.0,586,830,0.23,0.63,259,0,460,112,0,5.503790683057181,0,0,0,0,1,0,0
825,0.1,0.0,0.0,825.0,825.0,600.0,586,830,0.23,0.63,259,0,460,112,0,5.847572659142112,0,0,0,0,1,0,0
825,0.1,0.0,0.0,825.0,825.0,600.0,586,830,0.23,0.63,259,0,450,112,0,5.640481436970422,0,0,0,0,1,0,0
825,0.1,0.0,0.0,825.0,825.0,600.0,586,830,0.23,0.63,259,0,450,112,0,6.107209969647869,0,0,0,0,1,0,0
825,0.1,0.0,0.0,825.0,825.0,600.0,586,830,0.23,0.63,259,0,450,112,1,7.326335860928752,0,0,0,0,1,0,0
825,0.1,0.0,0.0,825.0,825.0,600.0,586,830,0.23,0.63,259,0,440,112,0,5.883661435153617,0,0,0,0,1,0,0
825,0.1,0.0,0.0,825.0,825.0,600.0,586,830,0.23,0.63,259,0,440,112,1,7.326335860928752,0,0,0,0,1,0,0
825,0.1,0.0,0.0,825.0,825.0,600.0,586,830,0.23,0.63,259,0,440,112,1,7.326335860928752,0,0,0,0,1,0,0
825,0.1,0.0,0.0,825.0,825.0,600.0,586,830,0.23,0.63,259,0,440,112,1,7.326335860928752,0,0,0,0,1,0,0
825,0.1,0.0,0.0,825.0,825.0,600.0,586,830,0.23,0.63,259,0,430,112,1,7.326335860928752,0,0,0,0,1,0,0
825,0.1,0.0,0.0,825.0,825.0,600.0,586,830,0.23,0.63,259,0,430,112,1,7.326335860928752,0,0,0,0,1,0,0
825,0.1,0.0,0.0,825.0,825.0,600.0,586,830,0.23,0.63,259,0,430,112,1,7.326335860928752,0,0,0,0,1,0,0
1740,0.08,0.0,0.0,825.0,825.0,600.0,726,844,0.23,0.63,281,0,560,130,0,4.730782275666389,0,0,0,0,1,0,0
1740,0.08,0.0,0.0,825.0,825.0,600.0,726,844,0.23,0.63,281,0,560,130,0,4.8055008581584,0,0,0,0,1,0,0
1740,0.08,0.0,0.0,825.0,825.0,600.0,726,844,0.23,0.63,281,0,540,130,0,5.045322978786658,0,0,0,0,1,0,0
1740,0.08,0.0,0.0,825.0,825.0,600.0,726,844,0.23,0.63,281,0,540,130,0,5.110589710299249,0,0,0,0,1,0,0
1740,0.08,0.0,0.0,825.0,825.0,600.0,726,844,0.23,0.63,281,0,520,130,0,5.220108088040055,0,0,0,0,1,0,0
1740,0.08,0.0,0.0,825.0,825.0,600.0,726,844,0.23,0.63,281,0,520,130,0,5.2405492482825995,0,0,0,0,1,0,0
1740,0.08,0.0,0.0,825.0,825.0,600.0,726,844,0.23,0.63,281,0,500,130,0,5.556302500767287,0,0,0,0,1,0,0
1740,0.08,0.0,0.0,825.0,825.0,600.0,726,844,0.23,0.63,281,0,500,130,0,5.569373909615046,0,0,0,0,1,0,0
1740,0.08,0.0,0.0,825.0,825.0,600.0,726,844,0.23,0.63,281,0,480,130,0,5.510545010206612,0,0,0,0,1,0,0
1740,0.08,0.0,0.0,825.0,825.0,600.0,726,844,0.23,0.63,281,0,480,130,0,5.866287339084195,0,0,0,0,1,0,0
1740,0.08,0.0,0.0,825.0,825.0,600.0,726,844,0.23,0.63,281,0,470,130,0,6.195899652409234,0,0,0,0,1,0,0
1740,0.08,0.0,0.0,825.0,825.0,600.0,726,844,0.23,0.63,281,0,470,130,1,7.326335860928752,0,0,0,0,1,0,0
1740,0.08,0.0,0.0,825.0,825.0,600.0,726,844,0.23,0.63,281,0,470,130,1,7.326335860928752,0,0,0,0,1,0,0
1740,0.08,0.0,0.0,825.0,825.0,600.0,726,844,0.23,0.63,281,0,460,130,0,6.260071387985075,0,0,0,0,1,0,0
1740,0.08,0.0,0.0,825.0,825.0,600.0,726,844,0.23,0.63,281,0,460,130,0,6.989449817666692,0,0,0,0,1,0,0
1740,0.08,0.0,0.0,825.0,825.0,600.0,726,844,0.23,0.63,281,0,460,130,1,7.326335860928752,0,0,0,0,1,0,0
1740,0.08,0.0,0.0,825.0,825.0,600.0,726,844,0.23,0.63,281,0,450,130,1,7.326335860928752,0,0,0,0,1,0,0
1740,0.08,0.0,0.0,825.0,825.0,600.0,726,844,0.23,0.63,281,0,450,130,1,7.326335860928752,0,0,0,0,1,0,0
1740,0.08,0.0,0.0,825.0,825.0,600.0,726,844,0.23,0.63,281,0,450,130,1,7.326335860928752,0,0,0,0,1,0,0
1270,0.09,0.0,0.0,825.0,825.0,600.0,749,850,0.22,0.6,276,0,560,121,0,4.797267540830717,0,0,0,0,1,0,0
1270,0.09,0.0,0.0,825.0,825.0,600.0,749,850,0.22,0.6,276,0,560,121,0,4.833784374656479,0,0,0,0,1,0,0
1270,0.09,0.0,0.0,825.0,825.0,600.0,749,850,0.22,0.6,276,0,540,121,0,5.008600171761918,0,0,0,0,1,0,0
1270,0.09,0.0,0.0,825.0,825.0,600.0,749,850,0.22,0.6,276,0,540,121,0,5.086359830674748,0,0,0,0,1,0,0
1270,0.09,0.0,0.0,825.0,825.0,600.0,749,850,0.22,0.6,276,0,520,121,0,5.195899652409234,0,0,0,0,1,0,0
1270,0.09,0.0,0.0,825.0,825.0,600.0,749,850,0.22,0.6,276,0,520,121,0,5.313867220369153,0,0,0,0,1,0,0
1270,0.09,0.0,0.0,825.0,825.0,600.0,749,850,0.22,0.6,276,0,500,121,0,5.494154594018442,0,0,0,0,1,0,0
1270,0.09,0.0,0.0,825.0,825.0,600.0,749,850,0.22,0.6,276,0,500,121,0,5.669316880566112,0,0,0,0,1,0,0
1270,0.09,0.0,0.0,825.0,825.0,600.0,749,850,0.22,0.6,276,0,480,121,0,5.751279103983342,0,0,0,0,1,0,0
1270,0.09,0.0,0.0,825.0,825.0,600.0,749,850,0.22,0.6,276,0,480,121,0,5.824125833916549,0,0,0,0,1,0,0
1270,0.09,0.0,0.0,825.0,825.0,600.0,749,850,0.22,0.6,276,0,480,121,0,6.060697840353612,0,0,0,0,1,0,0
1270,0.09,0.0,0.0,825.0,825.0,600.0,749,850,0.22,0.6,276,0,470,121,0,6.9898945637187735,0,0,0,0,1,0,0
1270,0.09,0.0,0.0,825.0,825.0,600.0,749,850,0.22,0.6,276,0,470,121,1,7.326335860928752,0,0,0,0,1,0,0
1270,0.09,0.0,0.0,825.0,825.0,600.0,749,850,0.22,0.6,276,0,470,121,1,7.326335860928752,0,0,0,0,1,0,0
1270,0.09,0.0,0.0,825.0,825.0,600.0,749,850,0.22,0.6,276,0,460,121,0,6.967079734144497,0,0,0,0,1,0,0
1270,0.09,0.0,0.0,825.0,825.0,600.0,749,850,0.22,0.6,276,0,460,121,0,6.980911937776844,0,0,0,0,1,0,0
1270,0.09,0.0,0.0,825.0,825.0,600.0,749,850,0.22,0.6,276,0,460,121,1,7.326335860928752,0,0,0,0,1,0,0
1270,0.09,0.0,0.0,825.0,825.0,600.0,749,850,0.22,0.6,276,0,450,121,1,7.326335860928752,0,0,0,0,1,0,0
1270,0.09,0.0,0.0,825.0,825.0,600.0,749,850,0.22,0.6,276,0,450,121,1,7.326335860928752,0,0,0,0,1,0,0
1270,0.09,0.0,0.0,825.0,825.0,600.0,749,850,0.22,0.6,276,0,450,121,1,7.326335860928752,0,0,0,0,1,0,0
1270,0.1,0.01,0.0,825.0,825.0,600.0,764,870,0.22,0.59,282,0,580,124,0,4.688419822002711,0,0,0,0,1,0,0
1270,0.1,0.01,0.0,825.0,825.0,600.0,764,870,0.22,0.59,282,0,580,124,0,4.69810054562339,0,0,0,0,1,0,0
1270,0.1,0.01,0.0,825.0,825.0,600.0,764,870,0.22,0.59,282,0,560,124,0,4.948901760970213,0,0,0,0,1,0,0
1270,0.1,0.01,0.0,825.0,825.0,600.0,764,870,0.22,0.59,282,0,540,124,0,5.173186268412274,0,0,0,0,1,0,0
1270,0.1,0.01,0.0,825.0,825.0,600.0,764,870,0.22,0.59,282,0,540,124,0,5.190331698170292,0,0,0,0,1,0,0
1270,0.1,0.01,0.0,825.0,825.0,600.0,764,870,0.22,0.59,282,0,520,124,0,4.9969492484953815,0,0,0,0,1,0,0
1270,0.1,0.01,0.0,825.0,825.0,600.0,764,870,0.22,0.59,282,0,520,124,0,5.41161970596323,0,0,0,0,1,0,0
1270,0.1,0.01,0.0,825.0,825.0,600.0,764,870,0.22,0.59,282,0,520,124,0,5.432969290874405,0,0,0,0,1,0,0
1270,0.1,0.01,0.0,825.0,825.0,600.0,764,870,0.22,0.59,282,0,500,124,0,5.70070371714502,0,0,0,0,1,0,0
1270,0.1,0.01,0.0,825.0,825.0,600.0,764,870,0.22,0.59,282,0,500,124,0,5.806858029518818,0,0,0,0,1,0,0
1270,0.1,0.01,0.0,825.0,825.0,600.0,764,870,0.22,0.59,282,0,490,124,0,5.9324737646771535,0,0,0,0,1,0,0
1270,0.1,0.01,0.0,825.0,825.0,600.0,764,870,0.22,0.59,282,0,490,124,0,5.998259338423699,0,0,0,0,1,0,0
1270,0.1,0.01,0.0,825.0,825.0,600.0,764,870,0.22,0.59,282,0,490,124,1,7.324282455297693,0,0,0,0,1,0,0
1270,0.1,0.01,0.0,825.0,825.0,600.0,764,870,0.22,0.59,282,0,480,124,0,5.91803033678488,0,0,0,0,1,0,0
1270,0.1,0.01,0.0,825.0,825.0,600.0,764,870,0.22,0.59,282,0,480,124,1,7.326335860928752,0,0,0,0,1,0,0
1270,0.1,0.01,0.0,825.0,825.0,600.0,764,870,0.22,0.59,282,0,480,124,1,7.326335860928752,0,0,0,0,1,0,0
1270,0.1,0.01,0.0,825.0,825.0,600.0,764,870,0.22,0.59,282,0,470,124,1,7.326335860928752,0,0,0,0,1,0,0
1270,0.1,0.01,0.0,825.0,825.0,600.0,764,870,0.22,0.59,282,0,470,124,1,7.326335860928752,0,0,0,0,1,0,0
1270,0.1,0.01,0.0,825.0,825.0,600.0,764,870,0.22,0.59,282,0,470,124,1,7.326335860928752,0,0,0,0,1,0,0
610,0.06,0.0,0.04,825.0,825.0,600.0,640,840,0.22,0.61,266,0,540,103,0,4.528916700277655,0,0,0,0,1,0,0
610,0.06,0.0,0.04,825.0,825.0,600.0,640,840,0.22,0.61,266,0,540,103,0,4.635483746814912,0,0,0,0,1,0,0
610,0.06,0.0,0.04,825.0,825.0,600.0,640,840,0.22,0.61,266,0,520,103,0,4.984977126415493,0,0,0,0,1,0,0
610,0.06,0.0,0.04,825.0,825.0,600.0,640,840,0.22,0.61,266,0,520,103,0,5.110589710299249,0,0,0,0,1,0,0
610,0.06,0.0,0.04,825.0,825.0,600.0,640,840,0.22,0.61,266,0,500,103,0,5.217483944213907,0,0,0,0,1,0,0
610,0.06,0.0,0.04,825.0,825.0,600.0,640,840,0.22,0.61,266,0,500,103,0,5.301029995663981,0,0,0,0,1,0,0
610,0.06,0.0,0.04,825.0,825.0,600.0,640,840,0.22,0.61,266,0,490,103,0,5.238046103128795,0,0,0,0,1,0,0
610,0.06,0.0,0.04,825.0,825.0,600.0,640,840,0.22,0.61,266,0,490,103,0,5.3692158574101425,0,0,0,0,1,0,0
610,0.06,0.0,0.04,825.0,825.0,600.0,640,840,0.22,0.61,266,0,480,103,0,5.498310553789601,0,0,0,0,1,0,0
610,0.06,0.0,0.04,825.0,825.0,600.0,640,840,0.22,0.61,266,0,480,103,0,5.502427119984433,0,0,0,0,1,0,0
610,0.06,0.0,0.04,825.0,825.0,600.0,640,840,0.22,0.61,266,0,470,103,0,5.514547752660286,0,0,0,0,1,0,0
610,0.06,0.0,0.04,825.0,825.0,600.0,640,840,0.22,0.61,266,0,470,103,0,5.6180480967120925,0,0,0,0,1,0,0
610,0.06,0.0,0.04,825.0,825.0,600.0,640,840,0.22,0.61,266,0,470,103,0,5.904715545278681,0,0,0,0,1,0,0
610,0.06,0.0,0.04,825.0,825.0,600.0,640,840,0.22,0.61,266,0,460,103,0,5.810232517995084,0,0,0,0,1,0,0
610,0.06,0.0,0.04,825.0,825.0,600.0,640,840,0.22,0.61,266,0,460,103,1,7.326335860928752,0,0,0,0,1,0,0
610,0.06,0.0,0.04,825.0,825.0,600.0,640,840,0.22,0.61,266,0,460,103,1,7.326335860928752,0,0,0,0,1,0,0
610,0.06,0.0,0.04,825.0,825.0,600.0,640,840,0.22,0.61,266,0,450,103,1,7.326335860928752,0,0,0,0,1,0,0
610,0.06,0.0,0.04,825.0,825.0,600.0,640,840,0.22,0.61,266,0,450,103,1,7.326335860928752,0,0,0,0,1,0,0
610,0.06,0.0,0.04,825.0,825.0,600.0,640,840,0.22,0.61,266,0,450,103,1,7.326335860928752,0,0,0,0,1,0,0
1740,0.09,0.0,0.0,825.0,825.0,600.0,733,837,0.22,0.63,277,0,560,133,0,4.715167357848458,0,0,0,0,1,0,0
1740,0.09,0.0,0.0,825.0,825.0,600.0,733,837,0.22,0.63,277,0,560,133,0,4.8299466959416355,0,0,0,0,1,0,0
1740,0.09,0.0,0.0,825.0,825.0,600.0,733,837,0.22,0.63,277,0,540,133,0,4.957607287060095,0,0,0,0,1,0,0
1740,0.09,0.0,0.0,825.0,825.0,600.0,733,837,0.22,0.63,277,0,540,133,0,4.979548374704095,0,0,0,0,1,0,0
1740,0.09,0.0,0.0,825.0,825.0,600.0,733,837,0.22,0.63,277,0,520,133,0,5.193124598354461,0,0,0,0,1,0,0
1740,0.09,0.0,0.0,825.0,825.0,600.0,733,837,0.22,0.63,277,0,520,133,0,5.313867220369153,0,0,0,0,1,0,0
1740,0.09,0.0,0.0,825.0,825.0,600.0,733,837,0.22,0.63,277,0,500,133,0,5.365487984890899,0,0,0,0,1,0,0
1740,0.09,0.0,0.0,825.0,825.0,600.0,733,837,0.22,0.63,277,0,500,133,0,5.431363764158987,0,0,0,0,1,0,0
1740,0.09,0.0,0.0,825.0,825.0,600.0,733,837,0.22,0.63,277,0,490,133,0,5.509202522331103,0,0,0,0,1,0,0
1740,0.09,0.0,0.0,825.0,825.0,600.0,733,837,0.22,0.63,277,0,490,133,0,5.5301996982030825,0,0,0,0,1,0,0
1740,0.09,0.0,0.0,825.0,825.0,600.0,733,837,0.22,0.63,277,0,480,133,0,5.569373909615046,0,0,0,0,1,0,0
1740,0.09,0.0,0.0,825.0,825.0,600.0,733,837,0.22,0.63,277,0,480,133,0,5.6127838567197355,0,0,0,0,1,0,0
1740,0.09,0.0,0.0,825.0,825.0,600.0,733,837,0.22,0.63,277,0,480,133,0,5.714329759745233,0,0,0,0,1,0,0
1740,0.09,0.0,0.0,825.0,825.0,600.0,733,837,0.22,0.63,277,0,470,133,0,5.836324115706752,0,0,0,0,1,0,0
1740,0.09,0.0,0.0,825.0,825.0,600.0,733,837,0.22,0.63,277,0,470,133,0,6.071882007306125,0,0,0,0,1,0,0
1740,0.09,0.0,0.0,825.0,825.0,600.0,733,837,0.22,0.63,277,0,470,133,0,6.103803720955957,0,0,0,0,1,0,0
1740,0.09,0.0,0.0,825.0,825.0,600.0,733,837,0.22,0.63,277,0,460,133,1,7.326335860928752,0,0,0,0,1,0,0
1740,0.09,0.0,0.0,825.0,825.0,600.0,733,837,0.22,0.63,277,0,460,133,1,7.326335860928752,0,0,0,0,1,0,0
1740,0.09,0.0,0.0,825.0,825.0,600.0,733,837,0.22,0.63,277,0,460,133,1,7.326335860928752,0,0,0,0,1,0,0
610,0.08,0.0,0.04,825.0,825.0,600.0,759,893,0.21,0.58,285,0,580,106,0,4.598790506763115,0,0,0,0,1,0,0
610,0.08,0.0,0.04,825.0,825.0,600.0,759,893,0.21,0.58,285,0,580,106,0,4.6785183790401135,0,0,0,0,1,0,0
610,0.08,0.0,0.04,825.0,825.0,600.0,759,893,0.21,0.58,285,0,560,106,0,4.93801909747621,0,0,0,0,1,0,0
610,0.08,0.0,0.04,825.0,825.0,600.0,759,893,0.21,0.58,285,0,560,106,0,4.943988875073772,0,0,0,0,1,0,0
610,0.08,0.0,0.04,825.0,825.0,600.0,759,893,0.21,0.58,285,0,540,106,0,5.195899652409234,0,0,0,0,1,0,0
610,0.08,0.0,0.04,825.0,825.0,600.0,759,893,0.21,0.58,285,0,540,106,0,5.267171728403014,0,0,0,0,1,0,0
610,0.08,0.0,0.04,825.0,825.0,600.0,759,893,0.21,0.58,285,0,520,106,0,5.376576957056512,0,0,0,0,1,0,0
610,0.08,0.0,0.04,825.0,825.0,600.0,759,893,0.21,0.58,285,0,520,106,0,5.380211241711606,0,0,0,0,1,0,0
610,0.08,0.0,0.04,825.0,825.0,600.0,759,893,0.21,0.58,285,0,500,106,0,5.587710965018911,0,0,0,0,1,0,0
610,0.08,0.0,0.04,825.0,825.0,600.0,759,893,0.21,0.58,285,0,500,106,0,5.724275869600789,0,0,0,0,1,0,0
610,0.08,0.0,0.04,825.0,825.0,600.0,759,893,0.21,0.58,285,0,480,106,0,6.193124598354461,0,0,0,0,1,0,0
610,0.08,0.0,0.04,825.0,825.0,600.0,759,893,0.21,0.58,285,0,480,106,1,7.326335860928752,0,0,0,0,1,0,0
610,0.08,0.0,0.04,825.0,825.0,600.0,759,893,0.21,0.58,285,0,480,106,1,7.326335860928752,0,0,0,0,1,0,0
610,0.08,0.0,0.04,825.0,825.0,600.0,759,893,0.21,0.58,285,0,470,106,0,5.798650645445269,0,0,0,0,1,0,0
610,0.08,0.0,0.04,825.0,825.0,600.0,759,893,0.21,0.58,285,0,470,106,0,5.993436230497612,0,0,0,0,1,0,0
610,0.08,0.0,0.04,825.0,825.0,600.0,759,893,0.21,0.58,285,0,470,106,1,7.326335860928752,0,0,0,0,1,0,0
610,0.08,0.0,0.04,825.0,825.0,600.0,759,893,0.21,0.58,285,0,460,106,1,7.326335860928752,0,0,0,0,1,0,0
610,0.08,0.0,0.04,825.0,825.0,600.0,759,893,0.21,0.58,285,0,460,106,1,7.326335860928752,0,0,0,0,1,0,0
610,0.08,0.0,0.04,825.0,825.0,600.0,759,893,0.21,0.58,285,0,460,106,1,7.326335860928752,0,0,0,0,1,0,0
825,0.12,0.02,0.0,825.0,825.0,650.0,589,746,0.24,0.65,235,0,480,116,0,4.552668216112194,0,0,0,0,1,0,0
825,0.12,0.02,0.0,825.0,825.0,650.0,589,746,0.24,0.65,235,0,480,116,0,4.739572344450092,0,0,0,0,1,0,0
825,0.12,0.02,0.0,825.0,825.0,650.0,589,746,0.24,0.65,235,0,460,116,0,4.927883410330707,0,0,0,0,1,0,0
825,0.12,0.02,0.0,825.0,825.0,650.0,589,746,0.24,0.65,235,0,460,116,0,4.9324737646771535,0,0,0,0,1,0,0
825,0.12,0.02,0.0,825.0,825.0,650.0,589,746,0.24,0.65,235,0,440,116,0,5.225309281725863,0,0,0,0,1,0,0
825,0.12,0.02,0.0,825.0,825.0,650.0,589,746,0.24,0.65,235,0,440,116,0,5.365487984890899,0,0,0,0,1,0,0
825,0.12,0.02,0.0,825.0,825.0,650.0,589,746,0.24,0.65,235,0,430,116,0,5.3747483460101035,0,0,0,0,1,0,0
825,0.12,0.02,0.0,825.0,825.0,650.0,589,746,0.24,0.65,235,0,430,116,0,5.570542939881897,0,0,0,0,1,0,0
825,0.12,0.02,0.0,825.0,825.0,650.0,589,746,0.24,0.65,235,0,420,116,0,5.569373909615046,0,0,0,0,1,0,0
825,0.12,0.02,0.0,825.0,825.0,650.0,589,746,0.24,0.65,235,0,420,116,0,5.693726948923647,0,0,0,0,1,0,0
825,0.12,0.02,0.0,825.0,825.0,650.0,589,746,0.24,0.65,235,0,410,116,0,5.733197265106569,0,0,0,0,1,0,0
825,0.12,0.02,0.0,825.0,825.0,650.0,589,746,0.24,0.65,235,0,410,116,0,6.049218022670182,0,0,0,0,1,0,0
825,0.12,0.02,0.0,825.0,825.0,650.0,589,746,0.24,0.65,235,0,400,116,0,5.9898945637187735,0,0,0,0,1,0,0
825,0.12,0.02,0.0,825.0,825.0,650.0,589,746,0.24,0.65,235,0,400,116,1,7.20682587603185,0,0,0,0,1,0,0
825,0.12,0.02,0.0,825.0,825.0,650.0,589,746,0.24,0.65,235,0,400,116,1,7.326335860928752,0,0,0,0,1,0,0
825,0.12,0.02,0.0,825.0,825.0,650.0,589,746,0.24,0.65,235,0,390,116,1,7.326335860928752,0,0,0,0,1,0,0
825,0.12,0.02,0.0,825.0,825.0,650.0,589,746,0.24,0.65,235,0,390,116,1,7.326335860928752,0,0,0,0,1,0,0
825,0.12,0.02,0.0,825.0,825.0,650.0,589,746,0.24,0.65,235,0,390,116,1,7.326335860928752,0,0,0,0,1,0,0
825,0.12,0.02,0.0,825.0,825.0,650.0,589,746,0.24,0.65,235,0,380,116,1,7.313867220369153,0,0,0,0,1,0,0
825,0.12,0.02,0.0,825.0,825.0,650.0,589,746,0.24,0.65,235,0,380,116,1,7.326335860928752,0,0,0,0,1,0,0
825,0.12,0.02,0.0,825.0,825.0,650.0,589,746,0.24,0.65,235,0,380,116,1,7.326335860928752,0,0,0,0,1,0,0
825,0.1,0.0,0.0,825.0,825.0,650.0,539,749,0.24,0.65,234,0,480,113,0,4.544068044350276,0,0,0,0,1,0,0
825,0.1,0.0,0.0,825.0,825.0,650.0,539,749,0.24,0.65,234,0,480,113,0,4.61066016308988,0,0,0,0,1,0,0
825,0.1,0.0,0.0,825.0,825.0,650.0,539,749,0.24,0.65,234,0,460,113,0,5.05307844348342,0,0,0,0,1,0,0
825,0.1,0.0,0.0,825.0,825.0,650.0,539,749,0.24,0.65,234,0,460,113,0,5.155336037465061,0,0,0,0,1,0,0
825,0.1,0.0,0.0,825.0,825.0,650.0,539,749,0.24,0.65,234,0,450,113,0,5.037426497940624,0,0,0,0,1,0,0
825,0.1,0.0,0.0,825.0,825.0,650.0,539,749,0.24,0.65,234,0,450,113,0,5.049218022670182,0,0,0,0,1,0,0
825,0.1,0.0,0.0,825.0,825.0,650.0,539,749,0.24,0.65,234,0,440,113,0,5.367355921026019,0,0,0,0,1,0,0
825,0.1,0.0,0.0,825.0,825.0,650.0,539,749,0.24,0.65,234,0,440,113,0,5.598790506763115,0,0,0,0,1,0,0
825,0.1,0.0,0.0,825.0,825.0,650.0,539,749,0.24,0.65,234,0,430,113,0,5.534026106056135,0,0,0,0,1,0,0
825,0.1,0.0,0.0,825.0,825.0,650.0,539,749,0.24,0.65,234,0,430,113,0,5.539076098792776,0,0,0,0,1,0,0
825,0.1,0.0,0.0,825.0,825.0,650.0,539,749,0.24,0.65,234,0,420,113,0,5.661812685537261,0,0,0,0,1,0,0
825,0.1,0.0,0.0,825.0,825.0,650.0,539,749,0.24,0.65,234,0,420,113,0,5.764922984649888,0,0,0,0,1,0,0
825,0.1,0.0,0.0,825.0,825.0,650.0,539,749,0.24,0.65,234,0,420,113,0,5.872738827472669,0,0,0,0,1,0,0
825,0.1,0.0,0.0,825.0,825.0,650.0,539,749,0.24,0.65,234,0,410,113,0,6.2455126678141495,0,0,0,0,1,0,0
825,0.1,0.0,0.0,825.0,825.0,650.0,539,749,0.24,0.65,234,0,410,113,1,7.326335860928752,0,0,0,0,1,0,0
825,0.1,0.0,0.0,825.0,825.0,650.0,539,749,0.24,0.65,234,0,410,113,1,7.326335860928752,0,0,0,0,1,0,0
825,0.1,0.0,0.0,825.0,825.0,650.0,539,749,0.24,0.65,234,0,400,113,1,7.326335860928752,0,0,0,0,1,0,0
825,0.1,0.0,0.0,825.0,825.0,650.0,539,749,0.24,0.65,234,0,400,113,1,7.326335860928752,0,0,0,0,1,0,0
825,0.1,0.0,0.0,825.0,825.0,650.0,539,749,0.24,0.65,234,0,400,113,1,7.326335860928752,0,0,0,0,1,0,0
1740,0.08,0.0,0.0,825.0,825.0,650.0,647,757,0.26,0.65,249,0,490,131,0,4.761175813155732,0,0,0,0,1,0,0
1740,0.08,0.0,0.0,825.0,825.0,650.0,647,757,0.26,0.65,249,0,490,131,0,4.832508912706237,0,0,0,0,1,0,0
1740,0.08,0.0,0.0,825.0,825.0,650.0,647,757,0.26,0.65,249,0,480,131,0,4.912222056532415,0,0,0,0,1,0,0
1740,0.08,0.0,0.0,825.0,825.0,650.0,647,757,0.26,0.65,249,0,480,131,0,4.913283901760418,0,0,0,0,1,0,0
1740,0.08,0.0,0.0,825.0,825.0,650.0,647,757,0.26,0.65,249,0,470,131,0,5.045322978786658,0,0,0,0,1,0,0
1740,0.08,0.0,0.0,825.0,825.0,650.0,647,757,0.26,0.65,249,0,470,131,0,5.17897694729317,0,0,0,0,1,0,0
1740,0.08,0.0,0.0,825.0,825.0,650.0,647,757,0.26,0.65,249,0,460,131,0,5.336459733848529,0,0,0,0,1,0,0
1740,0.08,0.0,0.0,825.0,825.0,650.0,647,757,0.26,0.65,249,0,460,131,0,5.344392273685111,0,0,0,0,1,0,0
1740,0.08,0.0,0.0,825.0,825.0,650.0,647,757,0.26,0.65,249,0,450,131,0,5.359835482339888,0,0,0,0,1,0,0
1740,0.08,0.0,0.0,825.0,825.0,650.0,647,757,0.26,0.65,249,0,450,131,0,5.4623979978989565,0,0,0,0,1,0,0
1740,0.08,0.0,0.0,825.0,825.0,650.0,647,757,0.26,0.65,249,0,440,131,0,5.567026366159061,0,0,0,0,1,0,0
1740,0.08,0.0,0.0,825.0,825.0,650.0,647,757,0.26,0.65,249,0,440,131,0,5.586587304671755,0,0,0,0,1,0,0
1740,0.08,0.0,0.0,825.0,825.0,650.0,647,757,0.26,0.65,249,0,440,131,0,5.793790384690818,0,0,0,0,1,0,0
1740,0.08,0.0,0.0,825.0,825.0,650.0,647,757,0.26,0.65,249,0,430,131,0,5.7160033436347994,0,0,0,0,1,0,0
1740,0.08,0.0,0.0,825.0,825.0,650.0,647,757,0.26,0.65,249,0,430,131,0,5.900913067737669,0,0,0,0,1,0,0
1740,0.08,0.0,0.0,825.0,825.0,650.0,647,757,0.26,0.65,249,0,430,131,1,7.326335860928752,0,0,0,0,1,0,0
1740,0.08,0.0,0.0,825.0,825.0,650.0,647,757,0.26,0.65,249,0,420,131,1,7.326335860928752,0,0,0,0,1,0,0
1740,0.08,0.0,0.0,825.0,825.0,650.0,647,757,0.26,0.65,249,0,420,131,1,7.326335860928752,0,0,0,0,1,0,0
1740,0.08,0.0,0.0,825.0,825.0,650.0,647,757,0.26,0.65,249,0,420,131,1,7.326335860928752,0,0,0,0,1,0,0
1270,0.09,0.0,0.0,825.0,825.0,650.0,655,759,0.26,0.64,250,0,500,122,0,4.691081492122969,0,0,0,0,1,0,0
1270,0.09,0.0,0.0,825.0,825.0,650.0,655,759,0.26,0.64,250,0,500,122,0,4.775974331129369,0,0,0,0,1,0,0
1270,0.09,0.0,0.0,825.0,825.0,650.0,655,759,0.26,0.64,250,0,480,122,0,5.1303337684950066,0,0,0,0,1,0,0
1270,0.09,0.0,0.0,825.0,825.0,650.0,655,759,0.26,0.64,250,0,480,122,0,5.14921911265538,0,0,0,0,1,0,0
1270,0.09,0.0,0.0,825.0,825.0,650.0,655,759,0.26,0.64,250,0,460,122,0,5.217483944213907,0,0,0,0,1,0,0
1270,0.09,0.0,0.0,825.0,825.0,650.0,655,759,0.26,0.64,250,0,460,122,0,5.348304863048161,0,0,0,0,1,0,0
1270,0.09,0.0,0.0,825.0,825.0,650.0,655,759,0.26,0.64,250,0,450,122,0,5.552668216112194,0,0,0,0,1,0,0
1270,0.09,0.0,0.0,825.0,825.0,650.0,655,759,0.26,0.64,250,0,450,122,0,5.633468455579586,0,0,0,0,1,0,0
1270,0.09,0.0,0.0,825.0,825.0,650.0,655,759,0.26,0.64,250,0,440,122,0,5.658964842664435,0,0,0,0,1,0,0
1270,0.09,0.0,0.0,825.0,825.0,650.0,655,759,0.26,0.64,250,0,440,122,0,5.737987326333431,0,0,0,0,1,0,0
1270,0.09,0.0,0.0,825.0,825.0,650.0,655,759,0.26,0.64,250,0,430,122,0,5.860338006570994,0,0,0,0,1,0,0
1270,0.09,0.0,0.0,825.0,825.0,650.0,655,759,0.26,0.64,250,0,430,122,0,6.056904851336473,0,0,0,0,1,0,0
1270,0.09,0.0,0.0,825.0,825.0,650.0,655,759,0.26,0.64,250,0,430,122,0,6.155336037465061,0,0,0,0,1,0,0
1270,0.09,0.0,0.0,825.0,825.0,650.0,655,759,0.26,0.64,250,0,420,122,0,5.948412965778601,0,0,0,0,1,0,0
1270,0.09,0.0,0.0,825.0,825.0,650.0,655,759,0.26,0.64,250,0,420,122,0,6.193124598354461,0,0,0,0,1,0,0
1270,0.09,0.0,0.0,825.0,825.0,650.0,655,759,0.26,0.64,250,0,420,122,0,6.437750562820388,0,0,0,0,1,0,0
1270,0.09,0.0,0.0,825.0,825.0,650.0,655,759,0.26,0.64,250,0,410,122,1,7.326335860928752,0,0,0,0,1,0,0
1270,0.09,0.0,0.0,825.0,825.0,650.0,655,759,0.26,0.64,250,0,410,122,1,7.326335860928752,0,0,0,0,1,0,0
1270,0.09,0.0,0.0,825.0,825.0,650.0,655,759,0.26,0.64,250,0,410,122,1,7.326335860928752,0,0,0,0,1,0,0
610,0.06,0.0,0.04,825.0,825.0,650.0,561,762,0.26,0.64,242,0,480,104,0,4.719331286983727,0,0,0,0,1,0,0
610,0.06,0.0,0.04,825.0,825.0,650.0,561,762,0.26,0.64,242,0,480,104,0,4.723455672035186,0,0,0,0,1,0,0
610,0.06,0.0,0.04,825.0,825.0,650.0,561,762,0.26,0.64,242,0,460,104,0,5.17897694729317,0,0,0,0,1,0,0
610,0.06,0.0,0.04,825.0,825.0,650.0,561,762,0.26,0.64,242,0,460,104,0,5.220108088040055,0,0,0,0,1,0,0
610,0.06,0.0,0.04,825.0,825.0,650.0,561,762,0.26,0.64,242,0,450,104,0,5.217483944213907,0,0,0,0,1,0,0
610,0.06,0.0,0.04,825.0,825.0,650.0,561,762,0.26,0.64,242,0,450,104,0,5.326335860928752,0,0,0,0,1,0,0
610,0.06,0.0,0.04,825.0,825.0,650.0,561,762,0.26,0.64,242,0,440,104,0,5.526339277389844,0,0,0,0,1,0,0
610,0.06,0.0,0.04,825.0,825.0,650.0,561,762,0.26,0.64,242,0,440,104,0,5.705863712283919,0,0,0,0,1,0,0
610,0.06,0.0,0.04,825.0,825.0,650.0,561,762,0.26,0.64,242,0,430,104,0,5.589949601325708,0,0,0,0,1,0,0
610,0.06,0.0,0.04,825.0,825.0,650.0,561,762,0.26,0.64,242,0,430,104,0,5.712649701627211,0,0,0,0,1,0,0
610,0.06,0.0,0.04,825.0,825.0,650.0,561,762,0.26,0.64,242,0,420,104,0,5.853089529851865,0,0,0,0,1,0,0
610,0.06,0.0,0.04,825.0,825.0,650.0,561,762,0.26,0.64,242,0,420,104,0,5.884228769632604,0,0,0,0,1,0,0
610,0.06,0.0,0.04,825.0,825.0,650.0,561,762,0.26,0.64,242,0,420,104,1,7.326335860928752,0,0,0,0,1,0,0
610,0.06,0.0,0.04,825.0,825.0,650.0,561,762,0.26,0.64,242,0,410,104,0,5.897077003209421,0,0,0,0,1,0,0
610,0.06,0.0,0.04,825.0,825.0,650.0,561,762,0.26,0.64,242,0,410,104,0,5.946943270697825,0,0,0,0,1,0,0
610,0.06,0.0,0.04,825.0,825.0,650.0,561,762,0.26,0.64,242,0,410,104,1,7.326335860928752,0,0,0,0,1,0,0
610,0.06,0.0,0.04,825.0,825.0,650.0,561,762,0.26,0.64,242,0,400,104,1,7.326335860928752,0,0,0,0,1,0,0
610,0.06,0.0,0.04,825.0,825.0,650.0,561,762,0.26,0.64,242,0,400,104,1,7.326335860928752,0,0,0,0,1,0,0
610,0.06,0.0,0.04,825.0,825.0,650.0,561,762,0.26,0.64,242,0,400,104,1,7.326335860928752,0,0,0,0,1,0,0
1740,0.09,0.0,0.0,825.0,825.0,650.0,633,742,0.26,0.66,249,0,500,134,0,4.650307523131937,0,0,0,0,1,0,0
1740,0.09,0.0,0.0,825.0,825.0,650.0,633,742,0.26,0.66,249,0,500,134,0,4.705007959333336,0,0,0,0,1,0,0
1740,0.09,0.0,0.0,825.0,825.0,650.0,633,742,0.26,0.66,249,0,480,134,0,4.958563883221967,0,0,0,0,1,0,0
1740,0.09,0.0,0.0,825.0,825.0,650.0,633,742,0.26,0.66,249,0,480,134,0,4.96189547366785,0,0,0,0,1,0,0
1740,0.09,0.0,0.0,825.0,825.0,650.0,633,742,0.26,0.66,249,0,480,134,0,4.984077033902831,0,0,0,0,1,0,0
1740,0.09,0.0,0.0,825.0,825.0,650.0,633,742,0.26,0.66,249,0,460,134,0,5.281033367247727,0,0,0,0,1,0,0
1740,0.09,0.0,0.0,825.0,825.0,650.0,633,742,0.26,0.66,249,0,460,134,0,5.283301228703549,0,0,0,0,1,0,0
1740,0.09,0.0,0.0,825.0,825.0,650.0,633,742,0.26,0.66,249,0,460,134,0,5.4048337166199385,0,0,0,0,1,0,0
1740,0.09,0.0,0.0,825.0,825.0,650.0,633,742,0.26,0.66,249,0,440,134,0,5.474216264076255,0,0,0,0,1,0,0
1740,0.09,0.0,0.0,825.0,825.0,650.0,633,742,0.26,0.66,249,0,440,134,0,5.498310553789601,0,0,0,0,1,0,0
1740,0.09,0.0,0.0,825.0,825.0,650.0,633,742,0.26,0.66,249,0,440,134,0,5.829303772831025,0,0,0,0,1,0,0
1740,0.09,0.0,0.0,825.0,825.0,650.0,633,742,0.26,0.66,249,0,420,134,0,5.963315511386111,0,0,0,0,1,0,0
1740,0.09,0.0,0.0,825.0,825.0,650.0,633,742,0.26,0.66,249,0,420,134,0,5.980911937776844,0,0,0,0,1,0,0
1740,0.09,0.0,0.0,825.0,825.0,650.0,633,742,0.26,0.66,249,0,420,134,1,7.326335860928752,0,0,0,0,1,0,0
1740,0.09,0.0,0.0,825.0,825.0,650.0,633,742,0.26,0.66,249,0,410,134,0,5.831869774280501,0,0,0,0,1,0,0
1740,0.09,0.0,0.0,825.0,825.0,650.0,633,742,0.26,0.66,249,0,410,134,0,5.8750612633917,0,0,0,0,1,0,0
1740,0.09,0.0,0.0,825.0,825.0,650.0,633,742,0.26,0.66,249,0,410,134,0,6.225309281725863,0,0,0,0,1,0,0
1740,0.09,0.0,0.0,825.0,825.0,650.0,633,742,0.26,0.66,249,0,400,134,1,7.326335860928752,0,0,0,0,1,0,0
1740,0.09,0.0,0.0,825.0,825.0,650.0,633,742,0.26,0.66,249,0,400,134,1,7.326335860928752,0,0,0,0,1,0,0
1740,0.09,0.0,0.0,825.0,825.0,650.0,633,742,0.26,0.66,249,0,400,134,1,7.326335860928752,0,0,0,0,1,0,0
610,0.08,0.0,0.04,825.0,825.0,650.0,646,778,0.25,0.62,249,0,500,107,0,4.781755374652469,0,0,0,0,1,0,0
610,0.08,0.0,0.04,825.0,825.0,650.0,646,778,0.25,0.62,249,0,500,107,0,4.845098040014257,0,0,0,0,1,0,0
610,0.08,0.0,0.04,825.0,825.0,650.0,646,778,0.25,0.62,249,0,480,107,0,5.021189299069938,0,0,0,0,1,0,0
610,0.08,0.0,0.04,825.0,825.0,650.0,646,778,0.25,0.62,249,0,480,107,0,5.086359830674748,0,0,0,0,1,0,0
610,0.08,0.0,0.04,825.0,825.0,650.0,646,778,0.25,0.62,249,0,460,107,0,5.367355921026019,0,0,0,0,1,0,0
610,0.08,0.0,0.04,825.0,825.0,650.0,646,778,0.25,0.62,249,0,460,107,0,5.575187844927661,0,0,0,0,1,0,0
610,0.08,0.0,0.04,825.0,825.0,650.0,646,778,0.25,0.62,249,0,440,107,0,5.708420900134713,0,0,0,0,1,0,0
610,0.08,0.0,0.04,825.0,825.0,650.0,646,778,0.25,0.62,249,0,440,107,0,5.790285164033242,0,0,0,0,1,0,0
610,0.08,0.0,0.04,825.0,825.0,650.0,646,778,0.25,0.62,249,0,430,107,0,5.720985744153739,0,0,0,0,1,0,0
610,0.08,0.0,0.04,825.0,825.0,650.0,646,778,0.25,0.62,249,0,430,107,0,6.220108088040055,0,0,0,0,1,0,0
610,0.08,0.0,0.04,825.0,825.0,650.0,646,778,0.25,0.62,249,0,420,107,0,6.086359830674748,0,0,0,0,1,0,0
610,0.08,0.0,0.04,825.0,825.0,650.0,646,778,0.25,0.62,249,0,420,107,0,6.110589710299249,0,0,0,0,1,0,0
610,0.08,0.0,0.04,825.0,825.0,650.0,646,778,0.25,0.62,249,0,420,107,1,7.326335860928752,0,0,0,0,1,0,0
610,0.08,0.0,0.04,825.0,825.0,650.0,646,778,0.25,0.62,249,0,410,107,0,5.929418925714293,0,0,0,0,1,0,0
610,0.08,0.0,0.04,825.0,825.0,650.0,646,778,0.25,0.62,249,0,410,107,1,7.326335860928752,0,0,0,0,1,0,0
610,0.08,0.0,0.04,825.0,825.0,650.0,646,778,0.25,0.62,249,0,410,107,1,7.326335860928752,0,0,0,0,1,0,0
610,0.08,0.0,0.04,825.0,825.0,650.0,646,778,0.25,0.62,249,0,400,107,1,7.326335860928752,0,0,0,0,1,0,0
610,0.08,0.0,0.04,825.0,825.0,650.0,646,778,0.25,0.62,249,0,400,107,1,7.326335860928752,0,0,0,0,1,0,0
610,0.08,0.0,0.04,825.0,825.0,650.0,646,778,0.25,0.62,249,0,400,107,1,7.326335860928752,0,0,0,0,1,0,0
1740,0.07,0.0,0.0,825.0,825.0,600.0,755,854,0.22,0.6,276,1,520,127,0,4.075546961392531,0,0,0,0,1,0,0
1740,0.07,0.0,0.0,825.0,825.0,600.0,755,854,0.22,0.6,276,1,520,127,0,5.426511261364575,0,0,0,0,1,0,0
1740,0.07,0.0,0.0,825.0,825.0,600.0,755,854,0.22,0.6,276,1,500,127,0,5.110589710299249,0,0,0,0,1,0,0
1740,0.07,0.0,0.0,825.0,825.0,600.0,755,854,0.22,0.6,276,1,500,127,0,5.813580988568192,0,0,0,0,1,0,0
1740,0.07,0.0,0.0,825.0,825.0,600.0,755,854,0.22,0.6,276,1,490,127,0,4.924279286061882,0,0,0,0,1,0,0
1740,0.07,0.0,0.0,825.0,825.0,600.0,755,854,0.22,0.6,276,1,490,127,0,4.954242509439325,0,0,0,0,1,0,0
1740,0.07,0.0,0.0,825.0,825.0,600.0,755,854,0.22,0.6,276,1,490,127,0,5.729974285699556,0,0,0,0,1,0,0
1740,0.07,0.0,0.0,825.0,825.0,600.0,755,854,0.22,0.6,276,1,480,127,0,5.576341350205793,0,0,0,0,1,0,0
1740,0.07,0.0,0.0,825.0,825.0,600.0,755,854,0.22,0.6,276,1,480,127,0,6.071882007306125,0,0,0,0,1,0,0
1740,0.07,0.0,0.0,825.0,825.0,600.0,755,854,0.22,0.6,276,1,480,127,1,7.0,0,0,0,0,1,0,0
1740,0.07,0.0,0.0,825.0,825.0,600.0,755,854,0.22,0.6,276,1,470,127,1,7.0,0,0,0,0,1,0,0
1740,0.07,0.0,0.0,825.0,825.0,600.0,755,854,0.22,0.6,276,1,470,127,1,7.0,0,0,0,0,1,0,0
1740,0.07,0.0,0.0,825.0,825.0,600.0,755,854,0.22,0.6,276,1,470,127,1,7.0,0,0,0,0,1,0,0
1270,0.08,0.01,0.0,825.0,825.0,600.0,748,848,0.22,0.6,275,1,520,118,0,4.161368002234975,0,0,0,0,1,0,0
1270,0.08,0.01,0.0,825.0,825.0,600.0,748,848,0.22,0.6,275,1,520,118,0,4.181843587944773,0,0,0,0,1,0,0
1270,0.08,0.01,0.0,825.0,825.0,600.0,748,848,0.22,0.6,275,1,520,118,0,4.52244423350632,0,0,0,0,1,0,0
1270,0.08,0.01,0.0,825.0,825.0,600.0,748,848,0.22,0.6,275,1,520,118,0,4.457881896733992,0,0,0,0,1,0,0
1270,0.08,0.01,0.0,825.0,825.0,600.0,748,848,0.22,0.6,275,1,500,118,0,4.517195897949974,0,0,0,0,1,0,0
1270,0.08,0.01,0.0,825.0,825.0,600.0,748,848,0.22,0.6,275,1,500,118,0,5.628388930050312,0,0,0,0,1,0,0
1270,0.08,0.01,0.0,825.0,825.0,600.0,748,848,0.22,0.6,275,1,500,118,0,5.423245873936808,0,0,0,0,1,0,0
1270,0.08,0.01,0.0,825.0,825.0,600.0,748,848,0.22,0.6,275,1,480,118,0,5.626340367375042,0,0,0,0,1,0,0
1270,0.08,0.01,0.0,825.0,825.0,600.0,748,848,0.22,0.6,275,1,480,118,0,5.676693609624866,0,0,0,0,1,0,0
1270,0.08,0.01,0.0,825.0,825.0,600.0,748,848,0.22,0.6,275,1,480,118,0,5.501059262217751,0,0,0,0,1,0,0
1270,0.08,0.01,0.0,825.0,825.0,600.0,748,848,0.22,0.6,275,1,470,118,1,7.0,0,0,0,0,1,0,0
1270,0.08,0.01,0.0,825.0,825.0,600.0,748,848,0.22,0.6,275,1,470,118,1,7.0,0,0,0,0,1,0,0
1270,0.08,0.01,0.0,825.0,825.0,600.0,748,848,0.22,0.6,275,1,460,118,1,7.0,0,0,0,0,1,0,0
1270,0.08,0.01,0.0,825.0,825.0,600.0,748,848,0.22,0.6,275,1,460,118,1,7.0,0,0,0,0,1,0,0
1270,0.08,0.01,0.0,825.0,825.0,600.0,748,848,0.22,0.6,275,1,460,118,1,7.0,0,0,0,0,1,0,0
825,0.12,0.02,0.0,825.0,825.0,600.0,639,823,0.24,0.64,261,1,480,115,0,4.298853076409706,0,0,0,0,1,0,0
825,0.12,0.02,0.0,825.0,825.0,600.0,639,823,0.24,0.64,261,1,460,115,0,4.5910646070264995,0,0,0,0,1,0,0
825,0.12,0.02,0.0,825.0,825.0,600.0,639,823,0.24,0.64,261,1,460,115,0,4.633468455579586,0,0,0,0,1,0,0
825,0.12,0.02,0.0,825.0,825.0,600.0,639,823,0.24,0.64,261,1,450,115,0,4.664641975556125,0,0,0,0,1,0,0
825,0.12,0.02,0.0,825.0,825.0,600.0,639,823,0.24,0.64,261,1,450,115,0,4.7626785637274365,0,0,0,0,1,0,0
825,0.12,0.02,0.0,825.0,825.0,600.0,639,823,0.24,0.64,261,1,440,115,0,5.093421685162235,0,0,0,0,1,0,0
825,0.12,0.02,0.0,825.0,825.0,600.0,639,823,0.24,0.64,261,1,440,115,0,6.963315511386111,0,0,0,0,1,0,0
825,0.12,0.02,0.0,825.0,825.0,600.0,639,823,0.24,0.64,261,1,440,115,1,7.0,0,0,0,0,1,0,0
825,0.12,0.02,0.0,825.0,825.0,600.0,639,823,0.24,0.64,261,1,430,115,0,5.578639209968072,0,0,0,0,1,0,0
825,0.12,0.02,0.0,825.0,825.0,600.0,639,823,0.24,0.64,261,1,430,115,1,7.0,0,0,0,0,1,0,0
825,0.12,0.02,0.0,825.0,825.0,600.0,639,823,0.24,0.64,261,1,430,115,1,7.0,0,0,0,0,1,0,0
825,0.12,0.02,0.0,825.0,825.0,600.0,639,823,0.24,0.64,261,1,420,115,0,5.6180480967120925,0,0,0,0,1,0,0
825,0.12,0.02,0.0,825.0,825.0,600.0,639,823,0.24,0.64,261,1,420,115,0,5.803457115648414,0,0,0,0,1,0,0
825,0.12,0.02,0.0,825.0,825.0,600.0,639,823,0.24,0.64,261,1,420,115,1,7.0,0,0,0,0,1,0,0
825,0.12,0.02,0.0,825.0,825.0,600.0,639,823,0.24,0.64,261,1,410,115,1,7.0,0,0,0,0,1,0,0
825,0.12,0.02,0.0,825.0,825.0,600.0,639,823,0.24,0.64,261,1,410,115,1,7.0,0,0,0,0,1,0,0
825,0.12,0.02,0.0,825.0,825.0,600.0,639,823,0.24,0.64,261,1,410,115,1,7.0,0,0,0,0,1,0,0
660,0.06,0.0,0.0,825.0,825.0,600.0,703,860,0.19,0.58,283,1,500,109,0,4.320146286111054,0,0,0,0,1,0,0
660,0.06,0.0,0.0,825.0,825.0,600.0,703,860,0.19,0.58,283,1,500,109,0,4.334453751150931,0,0,0,0,1,0,0
660,0.06,0.0,0.0,825.0,825.0,600.0,703,860,0.19,0.58,283,1,480,109,0,4.753583058892906,0,0,0,0,1,0,0
660,0.06,0.0,0.0,825.0,825.0,600.0,703,860,0.19,0.58,283,1,480,109,0,4.810904280668701,0,0,0,0,1,0,0
660,0.06,0.0,0.0,825.0,825.0,600.0,703,860,0.19,0.58,283,1,460,109,0,5.342422680822207,0,0,0,0,1,0,0
660,0.06,0.0,0.0,825.0,825.0,600.0,703,860,0.19,0.58,283,1,460,109,0,5.401400540781544,0,0,0,0,1,0,0
660,0.06,0.0,0.0,825.0,825.0,600.0,703,860,0.19,0.58,283,1,440,109,0,5.665580991017953,0,0,0,0,1,0,0
660,0.06,0.0,0.0,825.0,825.0,600.0,703,860,0.19,0.58,283,1,440,109,1,7.0,0,0,0,0,1,0,0
660,0.06,0.0,0.0,825.0,825.0,600.0,703,860,0.19,0.58,283,1,440,109,1,7.0,0,0,0,0,1,0,0
660,0.06,0.0,0.0,825.0,825.0,600.0,703,860,0.19,0.58,283,1,420,109,0,6.195899652409234,0,0,0,0,1,0,0
660,0.06,0.0,0.0,825.0,825.0,600.0,703,860,0.19,0.58,283,1,420,109,1,7.0,0,0,0,0,1,0,0
660,0.06,0.0,0.0,825.0,825.0,600.0,703,860,0.19,0.58,283,1,420,109,1,7.0,0,0,0,0,1,0,0
660,0.06,0.0,0.0,825.0,825.0,600.0,703,860,0.19,0.58,283,1,400,109,1,7.0,0,0,0,0,1,0,0
660,0.06,0.0,0.0,825.0,825.0,600.0,703,860,0.19,0.58,283,1,400,109,1,7.0,0,0,0,0,1,0,0
660,0.06,0.0,0.0,825.0,825.0,600.0,703,860,0.19,0.58,283,1,400,109,1,7.0,0,0,0,0,1,0,0
